{
	"condition": "minecraft:any_of",
	"terms": [
		{
			"condition": "minecraft:entity_properties",
			"entity": "this",
			"predicate": {
				"equipment": {
					"mainhand": {
						"items": [
							"minecraft:shield"
						],
						"predicates": {
							"minecraft:custom_data": "{stellarity.special_item:\"copper_elektra_shield\"}"
						}
					}
				}
			}
		},
		{
			"condition": "minecraft:entity_properties",
			"entity": "this",
			"predicate": {
				"equipment": {
					"offhand": {
						"items": [
							"minecraft:shield"
						],
						"predicates": {
							"minecraft:custom_data": "{stellarity.special_item:\"copper_elektra_shield\"}"
						}
					}
				}
			}
		}
	]
}
