{"stats":{"minecraft:killed":{"minecraft:magma_cube":1,"minecraft:husk":1,"minecraft:zombified_piglin":1,"minecraft:spider":1,"minecraft:slime":13,"minecraft:creeper":2,"minecraft:sheep":1,"minecraft:zombie":22},"minecraft:dropped":{"minecraft:iron_ingot":8,"minecraft:diamond_axe":1,"minecraft:diamond":24,"minecraft:cobblestone_slab":10,"minecraft:stone":1,"minecraft:spruce_planks":3,"minecraft:spruce_log":64,"minecraft:wooden_sword":1,"minecraft:wooden_pickaxe":2,"minecraft:bone":3},"minecraft:custom":{"minecraft:interact_with_furnace":4,"minecraft:mob_kills":44,"minecraft:traded_with_villager":1,"minecraft:interact_with_crafting_table":18,"minecraft:open_barrel":7,"minecraft:leave_game":4,"minecraft:time_since_death":3814,"minecraft:time_since_rest":3933,"minecraft:sprint_one_cm":487048,"minecraft:damage_taken":9884,"minecraft:walk_one_cm":439870,"minecraft:damage_blocked_by_shield":420,"minecraft:drop":17,"minecraft:damage_dealt":7959,"minecraft:swim_one_cm":2006,"minecraft:talked_to_villager":18,"minecraft:fly_one_cm":390188,"minecraft:open_chest":18,"minecraft:crouch_one_cm":40428,"minecraft:play_time":182348,"minecraft:deaths":35,"minecraft:sneak_time":13800,"minecraft:walk_under_water_one_cm":9054,"minecraft:jump":2591,"minecraft:walk_on_water_one_cm":9543,"minecraft:total_world_time":182348,"minecraft:fall_one_cm":64181},"minecraft:killed_by":{"minecraft:ghast":1,"minecraft:player":1,"minecraft:wither_skeleton":1,"minecraft:skeleton":4,"minecraft:creeper":1,"minecraft:spider":1,"minecraft:zombie":2,"minecraft:enderman":2},"minecraft:crafted":{"minecraft:cherry_planks":24,"minecraft:wooden_sword":2,"minecraft:crafting_table":3,"minecraft:spruce_planks":988,"minecraft:wooden_pickaxe":4,"minecraft:iron_helmet":1,"minecraft:furnace":1,"minecraft:stone":44,"minecraft:iron_boots":1,"minecraft:iron_chestplate":1,"minecraft:shield":1,"minecraft:stick":12,"minecraft:iron_ingot":32,"minecraft:iron_pickaxe":1,"minecraft:stone_pickaxe":1,"minecraft:iron_leggings":1,"minecraft:acacia_planks":4},"minecraft:used":{"minecraft:stone_pickaxe":126,"minecraft:shield":4,"minecraft:spruce_planks":702,"minecraft:wooden_pickaxe":148,"minecraft:diamond_axe":498,"minecraft:rotten_flesh":13,"minecraft:iron_chestplate":1,"minecraft:torch":3,"minecraft:mutton":1,"minecraft:crafting_table":6,"minecraft:carrot":3,"minecraft:end_stone":91,"minecraft:spruce_log":9,"minecraft:iron_pickaxe":12,"minecraft:wooden_sword":40,"minecraft:golden_sword":15,"minecraft:cobblestone":30,"minecraft:furnace":1,"minecraft:chain":1,"minecraft:potato":87,"minecraft:acacia_planks":1},"minecraft:mined":{"minecraft:spruce_planks":41,"minecraft:mossy_cobblestone":1,"minecraft:blackstone":5,"minecraft:cherry_log":6,"minecraft:cobblestone_stairs":1,"minecraft:end_stone":91,"minecraft:crafting_table":3,"minecraft:torch":5,"minecraft:nether_bricks":4,"minecraft:grass_block":1,"minecraft:infested_cobblestone":4,"minecraft:cobblestone":17,"minecraft:spruce_leaves":17,"minecraft:lapis_ore":6,"minecraft:chain":1,"minecraft:polished_basalt":1,"minecraft:spruce_log":286,"minecraft:orange_stained_glass_pane":1,"minecraft:stripped_spruce_log":1,"minecraft:potatoes":19,"minecraft:coal_ore":2,"minecraft:cobblestone_slab":6,"minecraft:cherry_leaves":5,"minecraft:dirt":10,"minecraft:stripped_acacia_log":1,"minecraft:acacia_planks":2,"minecraft:stone":75,"minecraft:netherrack":59},"minecraft:broken":{"minecraft:stone_pickaxe":1,"minecraft:golden_sword":1,"minecraft:wooden_pickaxe":2},"minecraft:picked_up":{"minecraft:iron_chestplate":2,"minecraft:crafting_table":3,"minecraft:redstone_block":4,"minecraft:wooden_pickaxe":1,"minecraft:potato":168,"minecraft:nether_brick":84,"minecraft:chain":1,"minecraft:shield":2,"minecraft:lapis_lazuli":96,"minecraft:dirt":14,"minecraft:wooden_sword":1,"minecraft:iron_leggings":2,"minecraft:bone":3,"minecraft:blackstone":9,"minecraft:acacia_planks":2,"minecraft:gold_nugget":2,"minecraft:cobbled_deepslate":1,"minecraft:spruce_planks":472,"minecraft:iron_ingot":16,"minecraft:cobblestone_slab":10,"minecraft:iron_pickaxe":2,"minecraft:glowstone_dust":50,"minecraft:iron_boots":2,"minecraft:stick":124,"minecraft:end_stone":91,"minecraft:stone":1,"minecraft:torch":9,"minecraft:cherry_log":6,"minecraft:stripped_spruce_log":1,"minecraft:spruce_log":473,"minecraft:carrot":3,"minecraft:crying_obsidian":24,"minecraft:stripped_acacia_log":1,"minecraft:arrow":5,"minecraft:rotten_flesh":19,"minecraft:slime_ball":6,"minecraft:diamond":48,"minecraft:nether_bricks":40,"minecraft:polished_blackstone_button":3,"minecraft:polished_basalt":3,"minecraft:iron_helmet":2,"minecraft:diamond_axe":3,"minecraft:cherry_sapling":1,"minecraft:gold_ingot":22,"minecraft:netherrack":8,"minecraft:mutton":1,"minecraft:coal":6,"minecraft:white_wool":1,"minecraft:cobblestone":100}},"DataVersion":3953}