{"stats":{"minecraft:killed_by":{"minecraft:player":2},"minecraft:custom":{"minecraft:jump":218,"minecraft:time_since_rest":4143,"minecraft:walk_on_water_one_cm":902,"minecraft:deaths":3,"minecraft:damage_dealt":470,"minecraft:crouch_one_cm":4212,"minecraft:play_time":11732,"minecraft:leave_game":2,"minecraft:sprint_one_cm":26447,"minecraft:damage_taken":757,"minecraft:time_since_death":4110,"minecraft:walk_one_cm":26058,"minecraft:sneak_time":720,"minecraft:total_world_time":11732,"minecraft:walk_under_water_one_cm":1599,"minecraft:fall_one_cm":2686,"minecraft:fly_one_cm":43443}},"DataVersion":3953}