{"stats":{"minecraft:crafted":{"minecraft:stone_shovel":1,"minecraft:stick":8,"minecraft:stone_pickaxe":1,"minecraft:stone_sword":1,"minecraft:acacia_planks":8,"minecraft:stone_axe":1},"minecraft:used":{"minecraft:stone_shovel":36,"minecraft:stone_pickaxe":11,"minecraft:poppy":1,"minecraft:rotten_flesh":4,"minecraft:torch":1,"minecraft:dirt":58,"minecraft:cobblestone":48,"minecraft:dripstone_block":1,"minecraft:acacia_planks":4,"minecraft:pointed_dripstone":1},"minecraft:picked_up":{"minecraft:raw_iron":2,"minecraft:smooth_basalt":1,"minecraft:brown_mushroom":1,"minecraft:torch":1,"minecraft:acacia_log":2,"minecraft:dripstone_block":1,"minecraft:amethyst_shard":2,"minecraft:pointed_dripstone":1,"minecraft:gunpowder":1,"minecraft:dirt":58,"minecraft:string":1,"minecraft:bone":1,"minecraft:rotten_flesh":4,"minecraft:poppy":2,"minecraft:bamboo":11,"minecraft:cobblestone":57},"minecraft:mined":{"minecraft:iron_ore":2,"minecraft:amethyst_cluster":1,"minecraft:torch":1,"minecraft:short_grass":1,"minecraft:acacia_log":2,"minecraft:poppy":1,"minecraft:grass_block":8,"minecraft:dirt":52,"minecraft:packed_ice":3,"minecraft:cobblestone":7,"minecraft:terracotta":1,"minecraft:bamboo":1,"minecraft:stone":1},"minecraft:killed_by":{"minecraft:zombified_piglin":1,"minecraft:skeleton":1,"minecraft:creeper":1,"minecraft:witch":2,"minecraft:zombie":1},"minecraft:custom":{"minecraft:time_since_rest":2589,"minecraft:sprint_one_cm":117292,"minecraft:damage_taken":6622,"minecraft:walk_one_cm":104698,"minecraft:mob_kills":7,"minecraft:drop":20,"minecraft:damage_dealt":1242,"minecraft:swim_one_cm":958,"minecraft:interact_with_crafting_table":1,"minecraft:fly_one_cm":89322,"minecraft:open_chest":1,"minecraft:crouch_one_cm":14412,"minecraft:play_time":32937,"minecraft:deaths":26,"minecraft:sneak_time":4204,"minecraft:walk_under_water_one_cm":6293,"minecraft:jump":522,"minecraft:leave_game":1,"minecraft:walk_on_water_one_cm":1472,"minecraft:time_since_death":2549,"minecraft:climb_one_cm":2251,"minecraft:total_world_time":32937,"minecraft:fall_one_cm":19413},"minecraft:killed":{"minecraft:skeleton":1,"minecraft:creeper":2},"minecraft:dropped":{"minecraft:poppy":1,"minecraft:brown_mushroom":1,"minecraft:gunpowder":1,"minecraft:bamboo":11,"minecraft:amethyst_shard":2,"minecraft:string":1,"minecraft:stick":1,"minecraft:bone":1,"minecraft:smooth_basalt":1}},"DataVersion":3953}