{"stats":{"minecraft:killed":{"minecraft:magma_cube":10,"minecraft:husk":1,"minecraft:zombified_piglin":1,"minecraft:creeper":2},"minecraft:dropped":{"minecraft:stick":2,"minecraft:spruce_planks":1},"minecraft:custom":{"minecraft:interact_with_furnace":26,"minecraft:mob_kills":14,"minecraft:traded_with_villager":1,"minecraft:interact_with_crafting_table":15,"minecraft:open_barrel":3,"minecraft:leave_game":2,"minecraft:time_since_death":5139,"minecraft:climb_one_cm":173,"minecraft:time_since_rest":5209,"minecraft:sprint_one_cm":78925,"minecraft:damage_taken":2130,"minecraft:walk_one_cm":141253,"minecraft:drop":3,"minecraft:damage_dealt":1603,"minecraft:talked_to_villager":4,"minecraft:swim_one_cm":62,"minecraft:fly_one_cm":90467,"minecraft:open_chest":7,"minecraft:crouch_one_cm":8959,"minecraft:play_time":55700,"minecraft:deaths":3,"minecraft:sneak_time":5364,"minecraft:walk_under_water_one_cm":776,"minecraft:jump":776,"minecraft:walk_on_water_one_cm":5191,"minecraft:total_world_time":55700,"minecraft:fall_one_cm":17359},"minecraft:killed_by":{"minecraft:zombie":1},"minecraft:crafted":{"minecraft:crafting_table":1,"minecraft:spruce_planks":112,"minecraft:wooden_pickaxe":1,"minecraft:baked_potato":20,"minecraft:iron_helmet":1,"minecraft:iron_sword":1,"minecraft:furnace":1,"minecraft:stone":65,"minecraft:stone_axe":1,"minecraft:iron_chestplate":1,"minecraft:iron_boots":1,"minecraft:charcoal":14,"minecraft:shield":1,"minecraft:stick":20,"minecraft:iron_ingot":32,"minecraft:iron_pickaxe":1,"minecraft:stone_pickaxe":2,"minecraft:iron_leggings":1},"minecraft:used":{"minecraft:chorus_fruit":4,"minecraft:stone_pickaxe":262,"minecraft:baked_potato":19,"minecraft:spruce_planks":59,"minecraft:wooden_pickaxe":28,"minecraft:iron_sword":27,"minecraft:crafting_table":2,"minecraft:bread":2,"minecraft:iron_pickaxe":51,"minecraft:iron_helmet":1,"minecraft:iron_boots":1,"minecraft:stone_axe":42,"minecraft:cobblestone":26,"minecraft:furnace":3,"minecraft:iron_leggings":1,"minecraft:green_stained_glass":32},"minecraft:mined":{"minecraft:spruce_planks":1,"minecraft:blackstone":20,"minecraft:nether_bricks":27,"minecraft:cobblestone":12,"minecraft:spruce_leaves":1,"minecraft:furnace":2,"minecraft:polished_blackstone_stairs":1,"minecraft:spruce_log":43,"minecraft:stripped_spruce_log":1,"minecraft:potatoes":13,"minecraft:gravel":8,"minecraft:stone":274},"minecraft:broken":{"minecraft:stone_pickaxe":2},"minecraft:picked_up":{"minecraft:crafting_table":1,"minecraft:magma_cream":1,"minecraft:potato":47,"minecraft:golden_sword":1,"minecraft:gunpowder":3,"minecraft:dirt":2,"minecraft:bone":2,"minecraft:blackstone":20,"minecraft:acacia_planks":2,"minecraft:spruce_planks":4,"minecraft:furnace":2,"minecraft:stick":2,"minecraft:polished_blackstone_stairs":1,"minecraft:gravel":7,"minecraft:stripped_spruce_log":1,"minecraft:spruce_log":43,"minecraft:arrow":1,"minecraft:rotten_flesh":3,"minecraft:nether_bricks":27,"minecraft:spruce_sign":1,"minecraft:bread":2,"minecraft:netherrack":2,"minecraft:dark_oak_fence":1,"minecraft:snowball":3,"minecraft:cobblestone":134}},"DataVersion":3953}