{"stats":{"minecraft:killed":{"minecraft:spider":3,"minecraft:skeleton":12,"minecraft:magma_cube":18,"minecraft:piglin":4,"minecraft:pillager":3,"minecraft:zombie":20,"minecraft:ghast":1,"minecraft:blaze":13,"minecraft:slime":28,"minecraft:hoglin":2,"minecraft:wither_skeleton":2,"minecraft:enderman":6},"minecraft:dropped":{"minecraft:iron_sword":2,"minecraft:soul_sand":20,"minecraft:baked_potato":5,"minecraft:ender_pearl":1,"minecraft:crossbow":1,"minecraft:orange_tulip":1,"minecraft:chain":10,"minecraft:gold_nugget":12,"minecraft:iron_pickaxe":2,"minecraft:gold_ingot":28,"minecraft:bone":5,"minecraft:sugar_cane":1,"minecraft:nether_brick":10,"minecraft:rotten_flesh":22,"minecraft:blaze_powder":14,"minecraft:charcoal":59,"minecraft:leather_boots":1,"minecraft:spruce_slab":1,"minecraft:arrow":24,"minecraft:crying_obsidian":1,"minecraft:crimson_planks":24,"minecraft:iron_ingot":4,"minecraft:oak_slab":1,"minecraft:wheat_seeds":3,"minecraft:iron_helmet":3,"minecraft:feather":1,"minecraft:stick":1,"minecraft:torch":2,"minecraft:wooden_hoe":1,"minecraft:nether_wart_block":5,"minecraft:potion":1,"minecraft:iron_leggings":2,"minecraft:string":8,"minecraft:pink_petals":336,"minecraft:acacia_planks":3,"minecraft:stone_sword":1,"minecraft:chicken":1,"minecraft:clay_ball":8,"minecraft:iron_boots":1,"minecraft:potato":32,"minecraft:shield":2,"minecraft:iron_chestplate":2,"minecraft:slime_ball":2,"minecraft:stone_pickaxe":1,"minecraft:raw_gold":6,"minecraft:magma_cream":1},"minecraft:custom":{"minecraft:interact_with_crafting_table":53,"minecraft:open_barrel":14,"minecraft:leave_game":32,"minecraft:time_since_death":973,"minecraft:sprint_one_cm":1661297,"minecraft:drop":92,"minecraft:talked_to_villager":27,"minecraft:play_time":599171,"minecraft:deaths":218,"minecraft:jump":8841,"minecraft:walk_on_water_one_cm":17471,"minecraft:interact_with_furnace":18,"minecraft:traded_with_villager":3,"minecraft:damage_dealt":21446,"minecraft:player_kills":18,"minecraft:crouch_one_cm":43213,"minecraft:mob_kills":117,"minecraft:climb_one_cm":1567,"minecraft:walk_one_cm":1453421,"minecraft:damage_dealt_absorbed":560,"minecraft:sneak_time":15295,"minecraft:walk_under_water_one_cm":20189,"minecraft:boat_one_cm":12696,"minecraft:total_world_time":599171,"minecraft:time_since_rest":1014,"minecraft:damage_taken":57902,"minecraft:swim_one_cm":5165,"minecraft:fly_one_cm":1498374,"minecraft:open_chest":34,"minecraft:fall_one_cm":274344},"minecraft:killed_by":{"minecraft:ghast":9,"minecraft:zombified_piglin":2,"minecraft:wither_skeleton":4,"minecraft:creeper":6,"minecraft:drowned":1,"minecraft:magma_cube":9,"minecraft:vindicator":1,"minecraft:piglin":3,"minecraft:blaze":4,"minecraft:zombie":8,"minecraft:player":21,"minecraft:spider":2,"minecraft:enderman":3,"minecraft:hoglin":3,"minecraft:skeleton":25},"minecraft:crafted":{"minecraft:oak_planks":132,"minecraft:blaze_powder":18,"minecraft:cherry_boat":1,"minecraft:stone":49,"minecraft:diamond_shovel":1,"minecraft:diamond_helmet":1,"minecraft:diamond_leggings":1,"minecraft:iron_boots":1,"minecraft:ender_eye":2,"minecraft:cherry_fence":381,"minecraft:wooden_shovel":1,"minecraft:crafting_table":6,"minecraft:spruce_planks":32,"minecraft:wooden_pickaxe":1,"minecraft:iron_helmet":1,"minecraft:birch_planks":4,"minecraft:iron_chestplate":1,"minecraft:cherry_sign":3,"minecraft:diamond_pickaxe":1,"minecraft:stick":288,"minecraft:iron_ingot":35,"minecraft:iron_pickaxe":1,"minecraft:gold_ingot":12,"minecraft:cherry_planks":824,"minecraft:stone_shovel":8,"minecraft:golden_chestplate":1,"minecraft:furnace":1,"minecraft:diamond":9,"minecraft:iron_axe":2,"minecraft:stone_pickaxe":1,"minecraft:diamond_boots":1,"minecraft:spruce_boat":1,"minecraft:crimson_planks":28,"minecraft:diamond_sword":1,"minecraft:iron_sword":1,"minecraft:bucket":1,"minecraft:stone_axe":1,"minecraft:wooden_axe":1,"minecraft:iron_leggings":1,"minecraft:diamond_chestplate":1},"minecraft:used":{"minecraft:cherry_sapling":14,"minecraft:spruce_slab":3,"minecraft:polished_basalt":23,"minecraft:chest":1,"minecraft:stone":2,"minecraft:iron_sword":22,"minecraft:green_terracotta":23,"minecraft:nether_bricks":48,"minecraft:obsidian":13,"minecraft:spruce_boat":1,"minecraft:lava_bucket":15,"minecraft:cherry_leaves":1,"minecraft:magma_block":2,"minecraft:furnace":1,"minecraft:chorus_fruit":19,"minecraft:stone_pickaxe":107,"minecraft:oak_planks":137,"minecraft:blackstone":68,"minecraft:wooden_pickaxe":39,"minecraft:white_wool":1,"minecraft:end_stone":5,"minecraft:crying_obsidian":9,"minecraft:bread":7,"minecraft:cherry_sign":5,"minecraft:gravel":4,"minecraft:nether_wart_block":2,"minecraft:diamond_sword":288,"minecraft:cherry_boat":7,"minecraft:stone_shovel":673,"minecraft:spruce_planks":62,"minecraft:netherrack":705,"minecraft:dirt":1019,"minecraft:golden_chestplate":1,"minecraft:wooden_axe":61,"minecraft:yellow_stained_glass":2,"minecraft:iron_axe":372,"minecraft:rooted_dirt":3,"minecraft:iron_boots":1,"minecraft:smooth_quartz":10,"minecraft:diamond_chestplate":1,"minecraft:basalt":144,"minecraft:lime_stained_glass":50,"minecraft:acacia_planks":2,"minecraft:cherry_fence":398,"minecraft:cherry_log":1,"minecraft:pointed_dripstone":4,"minecraft:water_bucket":9,"minecraft:birch_planks":4,"minecraft:cherry_planks":152,"minecraft:cauldron":2,"minecraft:magenta_stained_glass":31,"minecraft:lime_terracotta":23,"minecraft:crafting_table":8,"minecraft:spruce_log":1,"minecraft:mud":1,"minecraft:ender_eye":4,"minecraft:diamond_pickaxe":1278,"minecraft:black_wool":1,"minecraft:diamond_shovel":94,"minecraft:iron_pickaxe":83,"minecraft:spruce_sapling":8,"minecraft:stone_axe":78,"minecraft:cobblestone":143,"minecraft:bucket":26,"minecraft:diamond_leggings":2,"minecraft:green_stained_glass":104},"minecraft:broken":{"minecraft:diamond_helmet":1,"minecraft:iron_boots":1,"minecraft:iron_chestplate":1,"minecraft:iron_leggings":1,"minecraft:stone_pickaxe":1,"minecraft:wooden_axe":1,"minecraft:stone_shovel":5,"minecraft:golden_chestplate":1,"minecraft:iron_axe":2,"minecraft:iron_helmet":1},"minecraft:mined":{"minecraft:spruce_planks":20,"minecraft:cherry_log":205,"minecraft:sculk_vein":1,"minecraft:obsidian":23,"minecraft:grass_block":388,"minecraft:soul_soil":1,"minecraft:weeping_vines_plant":1,"minecraft:pointed_dripstone":5,"minecraft:dirt_path":3,"minecraft:spruce_slab":3,"minecraft:blackstone":2,"minecraft:crimson_nylium":2,"minecraft:clay":1,"minecraft:torch":1,"minecraft:nether_brick_slab":2,"minecraft:nether_quartz_ore":2,"minecraft:cobblestone":177,"minecraft:oak_planks":12,"minecraft:pink_petals":31,"minecraft:seagrass":1,"minecraft:cherry_fence":10,"minecraft:mud":2,"minecraft:nether_wart_block":13,"minecraft:birch_log":1,"minecraft:lava_cauldron":2,"minecraft:oak_log":2,"minecraft:dirt":474,"minecraft:smooth_quartz":10,"minecraft:netherrack":1013,"minecraft:deepslate":2,"minecraft:nether_gold_ore":40,"minecraft:deepslate_diamond_ore":4,"minecraft:cherry_sapling":2,"minecraft:end_stone":8,"minecraft:nether_bricks":50,"minecraft:crimson_roots":1,"minecraft:spruce_leaves":29,"minecraft:rooted_dirt":2,"minecraft:crimson_stem":7,"minecraft:cherry_wall_sign":1,"minecraft:spruce_sapling":4,"minecraft:carrots":3,"minecraft:diamond_block":1,"minecraft:potatoes":6,"minecraft:chorus_plant":2,"minecraft:stone":20,"minecraft:podzol":1,"minecraft:cherry_planks":10,"minecraft:soul_sand":2,"minecraft:magenta_stained_glass":1,"minecraft:basalt":79,"minecraft:crafting_table":2,"minecraft:short_grass":5,"minecraft:sculk_sensor":1,"minecraft:deepslate_gold_ore":7,"minecraft:sculk":2,"minecraft:spruce_log":11,"minecraft:coal_ore":2,"minecraft:mycelium":3,"minecraft:cherry_leaves":152,"minecraft:dripstone_block":1,"minecraft:gravel":4,"minecraft:acacia_planks":4,"minecraft:cherry_sign":1},"minecraft:picked_up":{"minecraft:iron_chestplate":2,"minecraft:diamond_sword":2,"minecraft:potion":13,"minecraft:nether_brick":15,"minecraft:crimson_planks":24,"minecraft:string":8,"minecraft:iron_leggings":2,"minecraft:cherry_boat":8,"minecraft:diamond_leggings":3,"minecraft:gold_nugget":167,"minecraft:spruce_planks":67,"minecraft:trial_key":3,"minecraft:ender_eye":2,"minecraft:smooth_quartz":10,"minecraft:iron_pickaxe":2,"minecraft:iron_boots":1,"minecraft:stick":14,"minecraft:torch":4,"minecraft:porkchop":4,"minecraft:cherry_log":207,"minecraft:pointed_dripstone":5,"minecraft:cauldron":2,"minecraft:stone_sword":4,"minecraft:rotten_flesh":40,"minecraft:blaze_rod":15,"minecraft:obsidian":34,"minecraft:blaze_powder":18,"minecraft:cobblestone":272,"minecraft:birch_log":1,"minecraft:pink_petals":345,"minecraft:magma_block":34,"minecraft:leather_chestplate":3,"minecraft:feather":4,"minecraft:magma_cream":1,"minecraft:cherry_planks":24,"minecraft:cherry_leaves":1,"minecraft:potato":46,"minecraft:cherry_fence":17,"minecraft:dirt":1019,"minecraft:leather_boots":1,"minecraft:bone":21,"minecraft:acacia_planks":5,"minecraft:orange_tulip":1,"minecraft:wheat_seeds":3,"minecraft:raw_gold":6,"minecraft:oak_planks":9,"minecraft:diamond_block":1,"minecraft:spectral_arrow":9,"minecraft:diamond":27,"minecraft:slime_block":9,"minecraft:spruce_boat":1,"minecraft:crossbow":2,"minecraft:emerald":6,"minecraft:bread":7,"minecraft:rooted_dirt":3,"minecraft:netherrack":772,"minecraft:chorus_fruit":42,"minecraft:mud":2,"minecraft:charcoal":59,"minecraft:crafting_table":2,"minecraft:chicken":3,"minecraft:splash_potion":6,"minecraft:clay_ball":8,"minecraft:wooden_pickaxe":2,"minecraft:chain":30,"minecraft:shield":3,"minecraft:blackstone":11,"minecraft:spruce_slab":4,"minecraft:sugar_cane":1,"minecraft:end_stone":8,"minecraft:stone":96,"minecraft:fire_charge":2,"minecraft:carrot":9,"minecraft:arrow":32,"minecraft:diamond_chestplate":3,"minecraft:nether_bricks":49,"minecraft:diamond_boots":2,"minecraft:gold_ingot":31,"minecraft:mutton":2,"minecraft:white_wool":1,"minecraft:basalt":73,"minecraft:crimson_stem":7,"minecraft:oak_log":1,"minecraft:nether_wart_block":10,"minecraft:wooden_hoe":4,"minecraft:yellow_stained_glass":11,"minecraft:iron_ingot":13,"minecraft:stone_pickaxe":7,"minecraft:cooked_chicken":4,"minecraft:cherry_sign":2,"minecraft:magenta_stained_glass":1,"minecraft:iron_sword":2,"minecraft:soul_sand":52,"minecraft:oak_slab":1,"minecraft:quartz":24,"minecraft:gravel":4,"minecraft:lava_bucket":3,"minecraft:spruce_sapling":12,"minecraft:spruce_log":9,"minecraft:nether_brick_slab":3,"minecraft:crying_obsidian":29,"minecraft:spider_eye":1,"minecraft:diamond_shovel":1,"minecraft:slime_ball":189,"minecraft:stone_axe":4,"minecraft:iron_helmet":3,"minecraft:cherry_sapling":14,"minecraft:baked_potato":20,"minecraft:black_wool":1,"minecraft:coal":3,"minecraft:ender_pearl":2}},"DataVersion":3953}