{"stats":{"minecraft:killed":{"minecraft:spider":5,"minecraft:cod":1,"minecraft:slime":13,"minecraft:skeleton":9,"minecraft:creeper":2,"minecraft:zombie":10,"minecraft:mooshroom":1},"minecraft:dropped":{"minecraft:iron_ingot":7,"minecraft:wheat_seeds":1,"minecraft:mossy_cobblestone":3,"minecraft:stick":2,"minecraft:lava_bucket":1,"minecraft:dirt":147,"minecraft:wooden_axe":1,"minecraft:flowering_azalea":1,"minecraft:iron_pickaxe":4,"minecraft:pink_petals":15,"minecraft:stone_axe":1,"minecraft:kelp":1,"minecraft:rotten_flesh":4,"minecraft:red_terracotta":1,"minecraft:gunpowder":3,"minecraft:charcoal":1,"minecraft:beef":1,"minecraft:arrow":8,"minecraft:bow":1,"minecraft:wooden_pickaxe":1,"minecraft:terracotta":1},"minecraft:custom":{"minecraft:mob_kills":43,"minecraft:interact_with_crafting_table":82,"minecraft:open_barrel":32,"minecraft:leave_game":8,"minecraft:time_since_death":5860,"minecraft:climb_one_cm":1056,"minecraft:sprint_one_cm":645339,"minecraft:walk_one_cm":617206,"minecraft:damage_blocked_by_shield":1712,"minecraft:drop":30,"minecraft:talked_to_villager":46,"minecraft:play_time":224602,"minecraft:deaths":33,"minecraft:sneak_time":17165,"minecraft:walk_under_water_one_cm":11614,"minecraft:jump":3535,"minecraft:walk_on_water_one_cm":18859,"minecraft:total_world_time":224602,"minecraft:interact_with_furnace":65,"minecraft:traded_with_villager":32,"minecraft:sleep_in_bed":3,"minecraft:time_since_rest":5952,"minecraft:damage_taken":9538,"minecraft:damage_dealt":5273,"minecraft:swim_one_cm":3064,"minecraft:fly_one_cm":666244,"minecraft:open_chest":71,"minecraft:crouch_one_cm":38857,"minecraft:fall_one_cm":105925},"minecraft:killed_by":{"minecraft:player":2,"minecraft:creeper":2,"minecraft:spider":1,"minecraft:skeleton":2,"minecraft:zombie":1},"minecraft:crafted":{"minecraft:cherry_planks":12,"minecraft:oak_planks":20,"minecraft:raw_iron":63,"minecraft:cobblestone_slab":324,"minecraft:iron_nugget":27,"minecraft:spyglass":1,"minecraft:furnace":3,"minecraft:bone_meal":33,"minecraft:diamond_shovel":1,"minecraft:spruce_fence":63,"minecraft:end_stone_bricks":12,"minecraft:iron_boots":1,"minecraft:raw_copper":36,"minecraft:iron_axe":1,"minecraft:spruce_slab":66,"minecraft:stone_pickaxe":1,"minecraft:chest":2,"minecraft:stone_hoe":1,"minecraft:spruce_sign":3,"minecraft:crafting_table":5,"minecraft:spruce_planks":164,"minecraft:wooden_pickaxe":1,"minecraft:iron_helmet":1,"minecraft:copper_ingot":2,"minecraft:bucket":2,"minecraft:stone_axe":3,"minecraft:bread":43,"minecraft:end_stone_brick_slab":24,"minecraft:iron_chestplate":1,"minecraft:diamond_pickaxe":1,"minecraft:charcoal":14,"minecraft:shield":1,"minecraft:stick":56,"minecraft:iron_ingot":50,"minecraft:iron_pickaxe":3,"minecraft:iron_leggings":1,"minecraft:white_bed":1,"minecraft:spruce_fence_gate":1,"minecraft:torch":32,"minecraft:carrot":4,"minecraft:shears":1},"minecraft:used":{"minecraft:azalea":1,"minecraft:cherry_sapling":1,"minecraft:spruce_slab":66,"minecraft:chest":5,"minecraft:shield":35,"minecraft:spruce_planks":7,"minecraft:stone_hoe":3,"minecraft:iron_chestplate":1,"minecraft:torch":34,"minecraft:dirt":138,"minecraft:spyglass":22,"minecraft:chorus_flower":2,"minecraft:carrot":7,"minecraft:acacia_sapling":2,"minecraft:spruce_fence":80,"minecraft:axolotl_bucket":5,"minecraft:purple_banner":2,"minecraft:lava_bucket":4,"minecraft:lantern":2,"minecraft:iron_axe":214,"minecraft:iron_helmet":1,"minecraft:cherry_leaves":52,"minecraft:barrel":2,"minecraft:sweet_berries":8,"minecraft:furnace":11,"minecraft:acacia_fence":1,"minecraft:potato":11,"minecraft:cobbled_deepslate":5,"minecraft:pointed_dripstone":2,"minecraft:wheat_seeds":16,"minecraft:water_bucket":10,"minecraft:chorus_fruit":15,"minecraft:stone_pickaxe":85,"minecraft:baked_potato":5,"minecraft:oak_planks":1,"minecraft:cactus":1,"minecraft:wooden_pickaxe":6,"minecraft:end_stone_brick_slab":26,"minecraft:spruce_sign":4,"minecraft:spruce_fence_gate":1,"minecraft:sugar_cane":2,"minecraft:cobblestone_slab":339,"minecraft:glow_berries":1,"minecraft:sand":2,"minecraft:crafting_table":12,"minecraft:white_bed":2,"minecraft:cod":1,"minecraft:dripstone_block":4,"minecraft:end_stone":25,"minecraft:shears":57,"minecraft:spruce_log":34,"minecraft:diamond_pickaxe":530,"minecraft:diamond_shovel":191,"minecraft:bread":12,"minecraft:iron_pickaxe":8,"minecraft:spore_blossom":1,"minecraft:spruce_sapling":23,"minecraft:stone_axe":255,"minecraft:pink_petals":142,"minecraft:cobblestone":90,"minecraft:bucket":21,"minecraft:sea_pickle":2,"minecraft:white_concrete":42,"minecraft:kelp":3,"minecraft:candle":1,"minecraft:bone_meal":34,"minecraft:cobweb":7},"minecraft:broken":{"minecraft:iron_axe":1,"minecraft:stone_axe":2},"minecraft:mined":{"minecraft:diamond_ore":1,"minecraft:spruce_planks":13,"minecraft:white_bed":1,"minecraft:deepslate_diamond_ore":5,"minecraft:candle":5,"minecraft:sculk_vein":1,"minecraft:cherry_log":7,"minecraft:cherry_sapling":1,"minecraft:end_stone":40,"minecraft:cave_vines_plant":1,"minecraft:spruce_fence":4,"minecraft:grass_block":170,"minecraft:spruce_leaves":18,"minecraft:kelp":2,"minecraft:moss_block":2,"minecraft:spawner":1,"minecraft:tall_seagrass":1,"minecraft:chorus_flower":7,"minecraft:spore_blossom":1,"minecraft:raw_iron_block":4,"minecraft:spruce_sapling":6,"minecraft:furnace":8,"minecraft:carrots":1,"minecraft:iron_ore":16,"minecraft:barrel":1,"minecraft:cobbled_deepslate":2,"minecraft:sculk_shrieker":1,"minecraft:vine":1,"minecraft:cobblestone_slab":45,"minecraft:potatoes":3,"minecraft:pointed_dripstone":1,"minecraft:flowering_azalea_leaves":3,"minecraft:cave_vines":1,"minecraft:deepslate_iron_ore":4,"minecraft:chorus_plant":3,"minecraft:azalea_leaves":7,"minecraft:stone":314,"minecraft:bone_block":1,"minecraft:spruce_slab":2,"minecraft:kelp_plant":1,"minecraft:soul_lantern":1,"minecraft:powder_snow":3,"minecraft:crafting_table":9,"minecraft:torch":1,"minecraft:purple_wall_banner":2,"minecraft:emerald_ore":2,"minecraft:end_stone_brick_slab":1,"minecraft:chest":3,"minecraft:dead_bush":1,"minecraft:campfire":1,"minecraft:spruce_wall_sign":1,"minecraft:cobblestone":134,"minecraft:oak_planks":2,"minecraft:sugar_cane":3,"minecraft:sculk":6,"minecraft:wall_torch":1,"minecraft:pink_petals":21,"minecraft:seagrass":2,"minecraft:red_terracotta":1,"minecraft:acacia_sapling":1,"minecraft:sea_pickle":1,"minecraft:wheat":12,"minecraft:spruce_log":305,"minecraft:coal_ore":22,"minecraft:oak_log":4,"minecraft:cherry_leaves":73,"minecraft:sand":14,"minecraft:dripstone_block":7,"minecraft:dirt":43,"minecraft:cobweb":1,"minecraft:terracotta":1,"minecraft:raw_copper_block":5,"minecraft:stone_bricks":1,"minecraft:deepslate":2},"minecraft:picked_up":{"minecraft:wooden_axe":1,"minecraft:charcoal":33,"minecraft:crafting_table":8,"minecraft:wheat":6,"minecraft:wooden_pickaxe":5,"minecraft:string":9,"minecraft:purple_banner":2,"minecraft:sea_pickle":2,"minecraft:candle":14,"minecraft:cobbled_deepslate":7,"minecraft:spruce_planks":26,"minecraft:beef":1,"minecraft:cobblestone_slab":15,"minecraft:azalea":1,"minecraft:iron_pickaxe":1,"minecraft:sugar_cane":5,"minecraft:chest":4,"minecraft:furnace":8,"minecraft:raw_copper_block":5,"minecraft:stick":24,"minecraft:raw_iron":23,"minecraft:end_stone":40,"minecraft:acacia_fence":1,"minecraft:torch":5,"minecraft:spruce_fence":17,"minecraft:cherry_log":16,"minecraft:pointed_dripstone":3,"minecraft:carrot":4,"minecraft:redstone":5,"minecraft:arrow":16,"minecraft:rotten_flesh":4,"minecraft:armadillo_scute":2,"minecraft:chorus_flower":7,"minecraft:glow_berries":1,"minecraft:cod":1,"minecraft:bone_block":1,"minecraft:white_wool":3,"minecraft:cobblestone":331,"minecraft:pink_petals":195,"minecraft:cherry_leaves":52,"minecraft:leather":2,"minecraft:potato":14,"minecraft:oak_log":5,"minecraft:gunpowder":5,"minecraft:dirt":274,"minecraft:lantern":1,"minecraft:bone":16,"minecraft:kelp":5,"minecraft:bow":1,"minecraft:wheat_seeds":24,"minecraft:spore_blossom":1,"minecraft:iron_ingot":7,"minecraft:oak_planks":1,"minecraft:cobweb":22,"minecraft:moss_block":2,"minecraft:flowering_azalea":1,"minecraft:stone_hoe":1,"minecraft:acacia_sapling":3,"minecraft:sweet_berries":8,"minecraft:dripstone_block":6,"minecraft:raw_iron_block":4,"minecraft:sand":13,"minecraft:spruce_sapling":26,"minecraft:white_bed":1,"minecraft:spruce_log":240,"minecraft:spider_eye":4,"minecraft:red_terracotta":1,"minecraft:barrel":1,"minecraft:mossy_cobblestone":3,"minecraft:diamond_shovel":1,"minecraft:slime_ball":5,"minecraft:diamond":4,"minecraft:spruce_sign":2,"minecraft:cherry_sapling":7,"minecraft:white_concrete":42,"minecraft:emerald":2,"minecraft:terracotta":1,"minecraft:chorus_fruit":31,"minecraft:end_stone_brick_slab":2,"minecraft:coal":39}},"DataVersion":3953}