{"stats":{"minecraft:killed":{"minecraft:slime":5},"minecraft:custom":{"minecraft:time_since_rest":185,"minecraft:open_chest":1,"minecraft:interact_with_furnace":1,"minecraft:crouch_one_cm":529,"minecraft:walk_one_cm":108901,"minecraft:play_time":19205,"minecraft:sprint_one_cm":56298,"minecraft:damage_taken":1525,"minecraft:deaths":5,"minecraft:sneak_time":770,"minecraft:walk_under_water_one_cm":4390,"minecraft:mob_kills":5,"minecraft:jump":341,"minecraft:damage_dealt":284,"minecraft:leave_game":1,"minecraft:time_since_death":120,"minecraft:walk_on_water_one_cm":1260,"minecraft:total_world_time":19205,"minecraft:swim_one_cm":6613,"minecraft:fall_one_cm":8685,"minecraft:fly_one_cm":67369},"minecraft:killed_by":{"minecraft:creeper":1},"minecraft:crafted":{"minecraft:stone":16},"minecraft:used":{"minecraft:light_blue_banner":1,"minecraft:stone":1,"minecraft:spruce_sign":1},"minecraft:mined":{"minecraft:light_blue_wall_banner":1,"minecraft:spruce_wall_sign":1,"minecraft:spruce_log":1,"minecraft:crafting_table":1,"minecraft:torch":1},"minecraft:picked_up":{"minecraft:crafting_table":1,"minecraft:light_blue_banner":1,"minecraft:slime_ball":3,"minecraft:torch":2,"minecraft:spruce_sign":1,"minecraft:spruce_log":1}},"DataVersion":3953}