{"stats":{"minecraft:killed":{"minecraft:slime":8},"minecraft:dropped":{"minecraft:sugar_cane":64,"minecraft:diamond_pickaxe":1},"minecraft:custom":{"minecraft:time_since_rest":3107,"minecraft:sprint_one_cm":145961,"minecraft:damage_taken":6275,"minecraft:walk_one_cm":440129,"minecraft:mob_kills":8,"minecraft:drop":2,"minecraft:damage_dealt":745,"minecraft:fly_one_cm":134464,"minecraft:talked_to_villager":3,"minecraft:interact_with_crafting_table":2,"minecraft:open_chest":2,"minecraft:crouch_one_cm":1171,"minecraft:play_time":122012,"minecraft:deaths":24,"minecraft:sneak_time":1098,"minecraft:jump":1227,"minecraft:time_since_death":3065,"minecraft:leave_game":8,"minecraft:walk_on_water_one_cm":739,"minecraft:total_world_time":122012,"minecraft:fall_one_cm":27649},"minecraft:killed_by":{"minecraft:player":5,"minecraft:wither_skeleton":1,"minecraft:magma_cube":2,"minecraft:skeleton":1,"minecraft:enderman":1},"minecraft:used":{"minecraft:acacia_sign":1,"minecraft:stone_pickaxe":2,"minecraft:wooden_pickaxe":4,"minecraft:rotten_flesh":5,"minecraft:netherrack":1,"minecraft:wooden_sword":25},"minecraft:mined":{"minecraft:pink_petals":1,"minecraft:blackstone":1,"minecraft:fire":1,"minecraft:basalt":1,"minecraft:nether_bricks":3,"minecraft:nether_brick_fence":1},"minecraft:picked_up":{"minecraft:wooden_axe":2,"minecraft:enchanting_table":1,"minecraft:basalt":2,"minecraft:nether_brick_fence":1,"minecraft:prismarine_shard":8,"minecraft:leather_leggings":1,"minecraft:leather":12,"minecraft:wooden_pickaxe":2,"minecraft:amethyst_shard":5,"minecraft:spruce_sapling":3,"minecraft:gunpowder":2,"minecraft:leather_helmet":1,"minecraft:iron_axe":1,"minecraft:wooden_sword":2,"minecraft:blackstone":1,"minecraft:leather_boots":1,"minecraft:bone":5,"minecraft:rotten_flesh":7,"minecraft:arrow":6,"minecraft:slime_ball":9,"minecraft:nether_bricks":6,"minecraft:acacia_sign":1,"minecraft:stone_pickaxe":2,"minecraft:cobblestone_slab":87,"minecraft:spruce_slab":1,"minecraft:netherrack":1,"minecraft:sugar_cane":169,"minecraft:diamond_pickaxe":2}},"DataVersion":3953}