{"stats":{"minecraft:custom":{"minecraft:time_since_rest":21994,"minecraft:sprint_one_cm":41499,"minecraft:damage_taken":788,"minecraft:walk_one_cm":81476,"minecraft:damage_dealt":41,"minecraft:swim_one_cm":248,"minecraft:interact_with_crafting_table":9,"minecraft:fly_one_cm":56984,"minecraft:open_barrel":1,"minecraft:open_chest":1,"minecraft:crouch_one_cm":10742,"minecraft:play_time":25857,"minecraft:deaths":3,"minecraft:sneak_time":5737,"minecraft:walk_under_water_one_cm":693,"minecraft:jump":328,"minecraft:leave_game":2,"minecraft:time_since_death":21867,"minecraft:walk_on_water_one_cm":1259,"minecraft:total_world_time":25857,"minecraft:climb_one_cm":1200,"minecraft:fall_one_cm":7865},"minecraft:killed_by":{"minecraft:player":1},"minecraft:used":{"minecraft:acacia_sign":3,"minecraft:wooden_pickaxe":46,"minecraft:cobblestone_slab":60,"minecraft:barrel":1,"minecraft:dirt":1,"minecraft:cobblestone":2,"minecraft:crafting_table":1},"minecraft:mined":{"minecraft:spruce_planks":1,"minecraft:cherry_planks":2,"minecraft:acacia_log":8,"minecraft:dirt":3,"minecraft:cobblestone":46},"minecraft:crafted":{"minecraft:wooden_sword":1,"minecraft:cobblestone_slab":66,"minecraft:barrel":1,"minecraft:acacia_sign":3,"minecraft:crafting_table":1,"minecraft:stick":8,"minecraft:acacia_slab":6,"minecraft:wooden_pickaxe":1,"minecraft:acacia_planks":32},"minecraft:picked_up":{"minecraft:cherry_planks":1,"minecraft:acacia_log":8,"minecraft:string":1,"minecraft:dirt":2,"minecraft:arrow":1,"minecraft:spruce_planks":1,"minecraft:acacia_sapling":4,"minecraft:cobblestone":35}},"DataVersion":3953}