{"stats":{"minecraft:used":{"minecraft:dirt":2,"minecraft:azure_bluet":1},"minecraft:picked_up":{"minecraft:azure_bluet":1,"minecraft:dirt":2},"minecraft:mined":{"minecraft:cave_vines":1},"minecraft:custom":{"minecraft:jump":225,"minecraft:leave_game":1,"minecraft:time_since_rest":2373,"minecraft:walk_on_water_one_cm":252,"minecraft:damage_dealt":77,"minecraft:crouch_one_cm":363,"minecraft:deaths":6,"minecraft:sprint_one_cm":32426,"minecraft:play_time":25277,"minecraft:damage_taken":1521,"minecraft:time_since_death":2339,"minecraft:walk_one_cm":46218,"minecraft:sneak_time":278,"minecraft:total_world_time":25277,"minecraft:walk_under_water_one_cm":194,"minecraft:swim_one_cm":1528,"minecraft:fall_one_cm":9831,"minecraft:fly_one_cm":48104}},"DataVersion":3953}