{"stats":{"minecraft:killed":{"minecraft:zombified_piglin":2,"minecraft:spider":3,"minecraft:slime":31,"minecraft:sheep":1,"minecraft:zombie":2},"minecraft:dropped":{"minecraft:slime_ball":2,"minecraft:stone_pickaxe":1},"minecraft:custom":{"minecraft:interact_with_furnace":52,"minecraft:mob_kills":40,"minecraft:traded_with_villager":2,"minecraft:interact_with_crafting_table":47,"minecraft:leave_game":33,"minecraft:time_since_death":32167,"minecraft:time_since_rest":32206,"minecraft:sprint_one_cm":372800,"minecraft:open_enderchest":5,"minecraft:damage_taken":4052,"minecraft:walk_one_cm":527911,"minecraft:drop":2,"minecraft:damage_dealt":2697,"minecraft:talked_to_villager":11,"minecraft:fly_one_cm":139144,"minecraft:open_chest":60,"minecraft:crouch_one_cm":15707,"minecraft:play_time":190560,"minecraft:deaths":10,"minecraft:sneak_time":13003,"minecraft:walk_under_water_one_cm":824,"minecraft:jump":1659,"minecraft:walk_on_water_one_cm":5635,"minecraft:total_world_time":190560,"minecraft:fall_one_cm":48116},"minecraft:killed_by":{"minecraft:skeleton":1,"minecraft:creeper":1,"minecraft:zombie":2},"minecraft:crafted":{"minecraft:crafting_table":2,"minecraft:spruce_planks":492,"minecraft:wooden_pickaxe":1,"minecraft:baked_potato":95,"minecraft:iron_helmet":1,"minecraft:iron_sword":1,"minecraft:slime_block":2,"minecraft:stone":98,"minecraft:bucket":2,"minecraft:stone_axe":2,"minecraft:wooden_hoe":1,"minecraft:iron_boots":1,"minecraft:iron_chestplate":1,"minecraft:charcoal":49,"minecraft:iron_axe":1,"minecraft:spruce_slab":132,"minecraft:stick":16,"minecraft:iron_ingot":64,"minecraft:stone_pickaxe":1,"minecraft:iron_pickaxe":1,"minecraft:wooden_axe":1,"minecraft:chest":3,"minecraft:iron_leggings":1,"minecraft:torch":4,"minecraft:stone_hoe":1},"minecraft:used":{"minecraft:water_bucket":14,"minecraft:stone_sword":10,"minecraft:spruce_slab":122,"minecraft:stone_pickaxe":154,"minecraft:baked_potato":29,"minecraft:chest":3,"minecraft:spruce_planks":243,"minecraft:stone":9,"minecraft:wooden_pickaxe":20,"minecraft:cherry_planks":1,"minecraft:iron_sword":126,"minecraft:spruce_sign":6,"minecraft:stone_hoe":29,"minecraft:netherrack":4,"minecraft:iron_chestplate":1,"minecraft:white_wool":1,"minecraft:torch":2,"minecraft:dirt":27,"minecraft:mutton":1,"minecraft:crafting_table":3,"minecraft:spruce_log":23,"minecraft:wooden_hoe":42,"minecraft:wooden_axe":61,"minecraft:lava_bucket":2,"minecraft:iron_axe":46,"minecraft:slime_block":3,"minecraft:iron_pickaxe":53,"minecraft:iron_helmet":1,"minecraft:mossy_cobblestone_slab":2,"minecraft:iron_boots":1,"minecraft:spruce_sapling":11,"minecraft:stone_axe":222,"minecraft:cobblestone":33,"minecraft:bucket":16,"minecraft:potato":85,"minecraft:acacia_planks":5,"minecraft:cobbled_deepslate":2,"minecraft:iron_leggings":1},"minecraft:broken":{"minecraft:stone_axe":1,"minecraft:wooden_axe":1,"minecraft:wooden_hoe":1},"minecraft:mined":{"minecraft:podzol":16,"minecraft:spruce_planks":44,"minecraft:cherry_planks":1,"minecraft:mossy_cobblestone":4,"minecraft:crimson_nylium":3,"minecraft:cobblestone_stairs":1,"minecraft:crafting_table":2,"minecraft:dark_oak_fence":3,"minecraft:grass_block":7,"minecraft:warped_roots":2,"minecraft:cobblestone":41,"minecraft:slime_block":3,"minecraft:spruce_leaves":121,"minecraft:crimson_fungus":1,"minecraft:wall_torch":1,"minecraft:spruce_sign":3,"minecraft:warped_wart_block":4,"minecraft:warped_nylium":7,"minecraft:mossy_cobblestone_slab":1,"minecraft:spruce_sapling":5,"minecraft:nether_sprouts":1,"minecraft:cobbled_deepslate":1,"minecraft:blue_ice":1,"minecraft:spruce_log":213,"minecraft:potatoes":47,"minecraft:cobblestone_slab":2,"minecraft:cherry_leaves":30,"minecraft:dirt":21,"minecraft:acacia_planks":7,"minecraft:stone":132,"minecraft:netherrack":7,"minecraft:spruce_slab":12,"minecraft:deepslate":1},"minecraft:picked_up":{"minecraft:pink_petals":1,"minecraft:crafting_table":1,"minecraft:mossy_cobblestone_slab":2,"minecraft:cherry_planks":1,"minecraft:potato":153,"minecraft:crimson_fungus":1,"minecraft:dirt":38,"minecraft:string":4,"minecraft:acacia_planks":7,"minecraft:gold_nugget":1,"minecraft:cobbled_deepslate":2,"minecraft:spruce_planks":35,"minecraft:spruce_slab":14,"minecraft:stick":7,"minecraft:warped_fungus":1,"minecraft:torch":2,"minecraft:warped_wart_block":4,"minecraft:spruce_sapling":17,"minecraft:spruce_log":209,"minecraft:spider_eye":1,"minecraft:mossy_cobblestone":3,"minecraft:rotten_flesh":3,"minecraft:slime_ball":21,"minecraft:slime_block":2,"minecraft:spruce_sign":3,"minecraft:warped_roots":2,"minecraft:mutton":2,"minecraft:netherrack":17,"minecraft:dark_oak_fence":2,"minecraft:white_wool":1,"minecraft:cobblestone":153}},"DataVersion":3953}