{"stats":{"minecraft:killed":{"minecraft:creeper":1,"minecraft:sheep":1,"minecraft:skeleton":3},"minecraft:custom":{"minecraft:mob_kills":6,"minecraft:interact_with_crafting_table":21,"minecraft:interact_with_stonecutter":1,"minecraft:leave_game":5,"minecraft:time_since_death":18463,"minecraft:climb_one_cm":9385,"minecraft:time_since_rest":18526,"minecraft:sprint_one_cm":433838,"minecraft:damage_taken":14715,"minecraft:walk_one_cm":805650,"minecraft:damage_dealt":1411,"minecraft:swim_one_cm":12634,"minecraft:talked_to_villager":7,"minecraft:fly_one_cm":229922,"minecraft:open_chest":7,"minecraft:crouch_one_cm":13410,"minecraft:play_time":239178,"minecraft:deaths":58,"minecraft:sneak_time":6993,"minecraft:walk_under_water_one_cm":5322,"minecraft:jump":1953,"minecraft:walk_on_water_one_cm":8581,"minecraft:total_world_time":239178,"minecraft:fall_one_cm":59225},"minecraft:killed_by":{"minecraft:player":6,"minecraft:skeleton":2,"minecraft:creeper":1,"minecraft:zombie":4},"minecraft:crafted":{"minecraft:cherry_planks":68,"minecraft:cobblestone_slab":12,"minecraft:spruce_sign":3,"minecraft:crafting_table":2,"minecraft:cherry_slab":18,"minecraft:spruce_planks":84,"minecraft:wooden_pickaxe":1,"minecraft:spruce_door":6,"minecraft:bone_meal":18,"minecraft:cherry_sign":6,"minecraft:spruce_slab":36,"minecraft:stick":16,"minecraft:stone_pickaxe":1,"minecraft:stone_sword":1,"minecraft:chest":2,"minecraft:torch":4,"minecraft:cherry_fence":3},"minecraft:used":{"minecraft:moss_block":5,"minecraft:cherry_sapling":7,"minecraft:stone_sword":60,"minecraft:spruce_door":2,"minecraft:spruce_slab":20,"minecraft:stone_pickaxe":70,"minecraft:chest":2,"minecraft:spruce_planks":34,"minecraft:wooden_pickaxe":12,"minecraft:cherry_planks":7,"minecraft:spruce_sign":9,"minecraft:stonecutter":1,"minecraft:cobblestone_slab":15,"minecraft:torch":4,"minecraft:dirt":19,"minecraft:crafting_table":6,"minecraft:cherry_slab":22,"minecraft:cherry_sign":7,"minecraft:stone_axe":62,"minecraft:pink_petals":7,"minecraft:cobblestone":53,"minecraft:furnace":1,"minecraft:cherry_fence":1,"minecraft:acacia_planks":4,"minecraft:bone_meal":9},"minecraft:mined":{"minecraft:spruce_planks":8,"minecraft:cherry_log":17,"minecraft:cherry_sapling":3,"minecraft:crafting_table":5,"minecraft:short_grass":1,"minecraft:grass_block":18,"minecraft:sculk_sensor":1,"minecraft:spruce_wall_sign":2,"minecraft:cobblestone":10,"minecraft:tall_grass":1,"minecraft:spruce_leaves":19,"minecraft:kelp":2,"minecraft:moss_block":6,"minecraft:spruce_sign":4,"minecraft:cherry_slab":6,"minecraft:pink_petals":5,"minecraft:seagrass":1,"minecraft:furnace":1,"minecraft:fire":1,"minecraft:spruce_log":21,"minecraft:coal_ore":2,"minecraft:vine":2,"minecraft:cobblestone_slab":2,"minecraft:cherry_leaves":20,"minecraft:dirt":5,"minecraft:stonecutter":2,"minecraft:acacia_planks":5,"minecraft:stone":63,"minecraft:cherry_sign":1,"minecraft:spruce_slab":2,"minecraft:deepslate":1},"minecraft:picked_up":{"minecraft:pink_petals":8,"minecraft:crafting_table":4,"minecraft:dirt":23,"minecraft:bone":6,"minecraft:acacia_planks":4,"minecraft:stonecutter":2,"minecraft:cobbled_deepslate":7,"minecraft:spruce_planks":5,"minecraft:cobblestone_slab":3,"minecraft:cherry_sign":1,"minecraft:spruce_slab":3,"minecraft:moss_block":5,"minecraft:furnace":1,"minecraft:stick":5,"minecraft:cherry_log":17,"minecraft:spruce_sapling":7,"minecraft:spruce_log":21,"minecraft:spider_eye":1,"minecraft:arrow":3,"minecraft:rotten_flesh":3,"minecraft:cherry_sapling":14,"minecraft:spruce_sign":6,"minecraft:cherry_slab":6,"minecraft:mutton":1,"minecraft:coal":2,"minecraft:white_wool":1,"minecraft:cobblestone":110}},"DataVersion":3953}