{"stats":{"minecraft:crafted":{"minecraft:cherry_planks":88,"minecraft:crafting_table":2,"minecraft:wooden_pickaxe":2,"minecraft:furnace":1,"minecraft:copper_ingot":1,"minecraft:pink_dye":1,"minecraft:warped_planks":8,"minecraft:diamond_pickaxe":1,"minecraft:raw_gold":9,"minecraft:stick":12,"minecraft:iron_pickaxe":1,"minecraft:stone_pickaxe":1},"minecraft:used":{"minecraft:stone_sword":12,"minecraft:stone_pickaxe":102,"minecraft:wooden_pickaxe":13,"minecraft:cherry_planks":76,"minecraft:cobblestone_slab":1,"minecraft:deepslate_bricks":11,"minecraft:white_wool":1,"minecraft:soul_sand":5,"minecraft:dirt":83,"minecraft:crafting_table":3,"minecraft:warped_planks":4,"minecraft:diamond_pickaxe":2,"minecraft:iron_pickaxe":138,"minecraft:light_gray_wool":1,"minecraft:pink_petals":20,"minecraft:cobblestone":87,"minecraft:porkchop":3,"minecraft:furnace":2,"minecraft:cobbled_deepslate":24},"minecraft:picked_up":{"minecraft:pink_petals":120,"minecraft:crafting_table":1,"minecraft:cherry_planks":7,"minecraft:tuff":7,"minecraft:dirt":83,"minecraft:raw_copper":3,"minecraft:warped_stem":2,"minecraft:cobbled_deepslate":25,"minecraft:raw_gold":17,"minecraft:iron_ingot":3,"minecraft:cobblestone_slab":1,"minecraft:light_gray_wool":1,"minecraft:moss_block":1,"minecraft:chest":1,"minecraft:soul_sand":5,"minecraft:furnace":1,"minecraft:stick":1,"minecraft:raw_iron":7,"minecraft:raw_gold_block":1,"minecraft:torch":2,"minecraft:porkchop":3,"minecraft:cherry_log":22,"minecraft:crying_obsidian":1,"minecraft:stone_sword":1,"minecraft:cactus":3,"minecraft:rotten_flesh":1,"minecraft:diamond":6,"minecraft:deepslate_bricks":11,"minecraft:red_tulip":1,"minecraft:cracked_deepslate_bricks":1,"minecraft:cherry_sapling":1,"minecraft:mutton":2,"minecraft:coal":3,"minecraft:white_wool":1,"minecraft:cobblestone":98},"minecraft:mined":{"minecraft:podzol":1,"minecraft:crying_obsidian":1,"minecraft:tuff":10,"minecraft:cherry_planks":7,"minecraft:soul_sand":5,"minecraft:deepslate_diamond_ore":6,"minecraft:sculk_vein":7,"minecraft:soul_fire":1,"minecraft:obsidian":1,"minecraft:crafting_table":1,"minecraft:grass_block":1,"minecraft:crimson_roots":1,"minecraft:sculk_sensor":1,"minecraft:deepslate_bricks":2,"minecraft:cobblestone":23,"minecraft:deepslate_gold_ore":9,"minecraft:cracked_deepslate_bricks":1,"minecraft:sculk":15,"minecraft:wall_torch":2,"minecraft:pink_petals":1,"minecraft:cactus":2,"minecraft:mossy_cobblestone_slab":1,"minecraft:sculk_catalyst":1,"minecraft:furnace":1,"minecraft:raw_gold_block":1,"minecraft:iron_ore":8,"minecraft:cobbled_deepslate":1,"minecraft:coal_ore":2,"minecraft:cobblestone_slab":2,"minecraft:warped_stem":2,"minecraft:dirt":36,"minecraft:stone":82,"minecraft:gold_ore":10,"minecraft:deepslate":41},"minecraft:killed_by":{"minecraft:player":1,"minecraft:skeleton":1,"minecraft:creeper":1},"minecraft:custom":{"minecraft:interact_with_furnace":6,"minecraft:mob_kills":2,"minecraft:interact_with_crafting_table":10,"minecraft:leave_game":1,"minecraft:time_since_death":273,"minecraft:time_since_rest":317,"minecraft:sprint_one_cm":120163,"minecraft:damage_taken":5193,"minecraft:walk_one_cm":169619,"minecraft:drop":1,"minecraft:damage_dealt":642,"minecraft:fly_one_cm":44040,"minecraft:player_kills":1,"minecraft:open_chest":5,"minecraft:crouch_one_cm":30715,"minecraft:play_time":82121,"minecraft:deaths":19,"minecraft:sneak_time":22201,"minecraft:walk_under_water_one_cm":1884,"minecraft:jump":636,"minecraft:walk_on_water_one_cm":1867,"minecraft:total_world_time":82121,"minecraft:fall_one_cm":29340},"minecraft:killed":{"minecraft:zombie":1},"minecraft:dropped":{"minecraft:copper_ingot":1}},"DataVersion":3953}