{"stats":{"minecraft:killed":{"minecraft:slime":24,"minecraft:skeleton":1,"minecraft:chicken":1,"minecraft:magma_cube":11,"minecraft:zombie":1,"minecraft:wither_skeleton":1,"minecraft:enderman":17,"minecraft:blaze":2},"minecraft:dropped":{"minecraft:oak_slab":1,"minecraft:brown_mushroom":2,"minecraft:baked_potato":2,"minecraft:ender_pearl":7,"minecraft:crossbow":1,"minecraft:feather":1,"minecraft:cobblestone":4,"minecraft:dirt":3,"minecraft:wooden_hoe":2,"minecraft:cherry_planks":2,"minecraft:potion":1,"minecraft:chain":10,"minecraft:spruce_sapling":3,"minecraft:gold_ingot":5,"minecraft:bone":2,"minecraft:stone_axe":1,"minecraft:light_blue_glazed_terracotta":1,"minecraft:rotten_flesh":54,"minecraft:ender_eye":4,"minecraft:spruce_fence":4,"minecraft:diamond_sword":1,"minecraft:leather_chestplate":1,"minecraft:cobblestone_slab":4,"minecraft:leather_boots":3,"minecraft:spruce_slab":7,"minecraft:wooden_pickaxe":1,"minecraft:stone_pickaxe":2,"minecraft:quartz":7,"minecraft:netherrack":7},"minecraft:custom":{"minecraft:mob_kills":61,"minecraft:interact_with_crafting_table":28,"minecraft:leave_game":6,"minecraft:time_since_death":9494,"minecraft:climb_one_cm":3657,"minecraft:sprint_one_cm":485995,"minecraft:walk_one_cm":377359,"minecraft:damage_blocked_by_shield":591,"minecraft:drop":96,"minecraft:talked_to_villager":49,"minecraft:play_time":194952,"minecraft:deaths":39,"minecraft:sneak_time":14965,"minecraft:walk_under_water_one_cm":10818,"minecraft:jump":2836,"minecraft:walk_on_water_one_cm":9862,"minecraft:total_world_time":194952,"minecraft:interact_with_furnace":83,"minecraft:traded_with_villager":1,"minecraft:time_since_rest":9540,"minecraft:open_enderchest":6,"minecraft:damage_taken":10447,"minecraft:damage_dealt":13577,"minecraft:swim_one_cm":3670,"minecraft:fly_one_cm":466893,"minecraft:open_chest":14,"minecraft:crouch_one_cm":24429,"minecraft:fall_one_cm":69635},"minecraft:killed_by":{"minecraft:player":1,"minecraft:wither_skeleton":2,"minecraft:enderman":3,"minecraft:piglin":2},"minecraft:crafted":{"minecraft:ender_chest":1,"minecraft:furnace":3,"minecraft:stone":92,"minecraft:iron_boots":1,"minecraft:ladder":9,"minecraft:stone_pickaxe":1,"minecraft:ender_eye":10,"minecraft:golden_boots":1,"minecraft:chorus_plant":8,"minecraft:crafting_table":3,"minecraft:spruce_planks":168,"minecraft:baked_potato":16,"minecraft:wooden_pickaxe":1,"minecraft:iron_helmet":1,"minecraft:iron_sword":1,"minecraft:stone_axe":1,"minecraft:iron_chestplate":1,"minecraft:wooden_hoe":1,"minecraft:charcoal":48,"minecraft:shield":1,"minecraft:stick":80,"minecraft:iron_ingot":32,"minecraft:iron_pickaxe":1,"minecraft:stone_sword":1,"minecraft:iron_leggings":1,"minecraft:gold_ingot":9,"minecraft:torch":64},"minecraft:used":{"minecraft:stone_sword":74,"minecraft:ladder":5,"minecraft:spruce_planks":4,"minecraft:shield":8,"minecraft:ender_chest":1,"minecraft:stone":32,"minecraft:iron_sword":260,"minecraft:netherrack":140,"minecraft:iron_chestplate":1,"minecraft:torch":15,"minecraft:dirt":29,"minecraft:iron_helmet":1,"minecraft:iron_boots":2,"minecraft:furnace":3,"minecraft:cooked_beef":2,"minecraft:potato":114,"minecraft:iron_leggings":1,"minecraft:water_bucket":2,"minecraft:chorus_fruit":3,"minecraft:stone_pickaxe":101,"minecraft:wooden_pickaxe":14,"minecraft:leather_boots":1,"minecraft:crafting_table":3,"minecraft:end_stone":4,"minecraft:wooden_hoe":2,"minecraft:ender_eye":5,"minecraft:diamond_pickaxe":10,"minecraft:wind_charge":13,"minecraft:chicken":1,"minecraft:iron_pickaxe":187,"minecraft:stone_axe":98,"minecraft:nether_wart_block":2,"minecraft:diamond_sword":410,"minecraft:cobblestone":20,"minecraft:bucket":1},"minecraft:broken":{"minecraft:golden_boots":1,"minecraft:stone_axe":1,"minecraft:iron_sword":1},"minecraft:mined":{"minecraft:nether_gold_ore":17,"minecraft:end_stone":5,"minecraft:obsidian":8,"minecraft:dead_tube_coral_block":1,"minecraft:light_blue_glazed_terracotta":1,"minecraft:soul_soil":1,"minecraft:spruce_leaves":1,"minecraft:mossy_cobblestone_slab":1,"minecraft:fire":1,"minecraft:stripped_spruce_log":2,"minecraft:potatoes":73,"minecraft:cobblestone_slab":4,"minecraft:chorus_plant":3,"minecraft:stone":87,"minecraft:spruce_slab":5,"minecraft:dead_fire_coral":1,"minecraft:podzol":1,"minecraft:brown_mushroom":1,"minecraft:magenta_stained_glass":1,"minecraft:torch":1,"minecraft:nether_quartz_ore":2,"minecraft:cobblestone":138,"minecraft:spruce_log":64,"minecraft:dirt":1,"minecraft:netherrack":41,"minecraft:gold_ore":4},"minecraft:picked_up":{"minecraft:charcoal":58,"minecraft:iron_chestplate":2,"minecraft:splash_potion":1,"minecraft:chicken":3,"minecraft:brown_mushroom":2,"minecraft:diamond_sword":2,"minecraft:wooden_pickaxe":2,"minecraft:potion":4,"minecraft:chain":20,"minecraft:shield":2,"minecraft:wind_charge":47,"minecraft:iron_leggings":2,"minecraft:cherry_boat":1,"minecraft:gold_nugget":83,"minecraft:bucket":1,"minecraft:spruce_planks":2,"minecraft:ender_eye":3,"minecraft:cobblestone_slab":4,"minecraft:iron_pickaxe":2,"minecraft:spruce_slab":7,"minecraft:iron_boots":2,"minecraft:stick":4,"minecraft:end_stone":21,"minecraft:stone":48,"minecraft:torch":108,"minecraft:spruce_fence":4,"minecraft:arrow":9,"minecraft:rotten_flesh":60,"minecraft:diamond_boots":1,"minecraft:chorus_flower":2,"minecraft:blaze_rod":2,"minecraft:obsidian":20,"minecraft:blaze_powder":25,"minecraft:cobblestone":235,"minecraft:basalt":1,"minecraft:magma_block":12,"minecraft:leather_chestplate":2,"minecraft:feather":2,"minecraft:cooked_beef":20,"minecraft:cherry_planks":11,"minecraft:water_bucket":1,"minecraft:andesite":1,"minecraft:potato":211,"minecraft:tuff":4,"minecraft:nether_wart_block":2,"minecraft:wooden_hoe":3,"minecraft:dirt":32,"minecraft:leather_boots":6,"minecraft:bone":6,"minecraft:acacia_planks":2,"minecraft:raw_gold":4,"minecraft:iron_ingot":4,"minecraft:stone_pickaxe":4,"minecraft:iron_sword":2,"minecraft:soul_sand":16,"minecraft:oak_slab":1,"minecraft:smooth_basalt":4,"minecraft:quartz":9,"minecraft:poisonous_potato":1,"minecraft:light_blue_glazed_terracotta":1,"minecraft:stripped_spruce_log":1,"minecraft:spruce_sapling":3,"minecraft:spruce_log":211,"minecraft:crying_obsidian":1,"minecraft:slime_ball":112,"minecraft:diamond":6,"minecraft:slime_block":3,"minecraft:stone_axe":5,"minecraft:iron_helmet":2,"minecraft:crossbow":2,"minecraft:baked_potato":7,"minecraft:netherrack":201,"minecraft:chorus_fruit":13,"minecraft:coal":6,"minecraft:ender_pearl":17,"minecraft:diamond_pickaxe":2}},"DataVersion":3953}