{"stats":{"minecraft:crafted":{"minecraft:cherry_planks":16,"minecraft:crafting_table":1,"minecraft:wooden_pickaxe":1,"minecraft:stick":8,"minecraft:stone_pickaxe":1,"minecraft:stone_sword":1},"minecraft:picked_up":{"minecraft:pink_petals":6,"minecraft:crafting_table":2,"minecraft:mossy_cobblestone_slab":4,"minecraft:jungle_log":3,"minecraft:brown_mushroom":1,"minecraft:dirt":74,"minecraft:moss_carpet":1,"minecraft:bone":3,"minecraft:wheat_seeds":1,"minecraft:azalea":1,"minecraft:jungle_sapling":2,"minecraft:moss_block":9,"minecraft:acacia_sapling":1,"minecraft:flowering_azalea":1,"minecraft:stick":1,"minecraft:sweet_berries":3,"minecraft:cherry_log":5,"minecraft:spider_eye":1,"minecraft:mossy_cobblestone":2,"minecraft:arrow":3,"minecraft:rotten_flesh":2,"minecraft:beetroot_seeds":1,"minecraft:terracotta":6,"minecraft:glow_berries":1,"minecraft:cobblestone":19},"minecraft:used":{"minecraft:moss_block":9,"minecraft:azalea":1,"minecraft:wheat_seeds":1,"minecraft:moss_carpet":1,"minecraft:stone_sword":64,"minecraft:stone_pickaxe":21,"minecraft:wooden_pickaxe":14,"minecraft:cherry_planks":5,"minecraft:rotten_flesh":1,"minecraft:glow_berries":1,"minecraft:mossy_cobblestone":2,"minecraft:dirt":64,"minecraft:terracotta":5,"minecraft:crafting_table":2,"minecraft:mossy_cobblestone_slab":4,"minecraft:sweet_berries":3,"minecraft:beetroot_seeds":1},"minecraft:mined":{"minecraft:brown_mushroom":1,"minecraft:cherry_log":5,"minecraft:crafting_table":2,"minecraft:cave_vines_plant":1,"minecraft:grass_block":25,"minecraft:dead_bush":1,"minecraft:jungle_log":3,"minecraft:cobblestone":6,"minecraft:moss_block":12,"minecraft:pink_petals":1,"minecraft:acacia_sapling":1,"minecraft:mycelium":8,"minecraft:beetroots":1,"minecraft:cherry_leaves":1,"minecraft:dirt":36,"minecraft:azalea_leaves":2,"minecraft:terracotta":5,"minecraft:azalea":1,"minecraft:stone":10},"minecraft:killed_by":{"minecraft:player":4,"minecraft:cave_spider":1,"minecraft:skeleton":2,"minecraft:creeper":2,"minecraft:enderman":1},"minecraft:custom":{"minecraft:mob_kills":5,"minecraft:interact_with_crafting_table":3,"minecraft:leave_game":2,"minecraft:time_since_death":6325,"minecraft:climb_one_cm":250,"minecraft:time_since_rest":6354,"minecraft:sprint_one_cm":153900,"minecraft:damage_taken":4852,"minecraft:walk_one_cm":167951,"minecraft:damage_dealt":1474,"minecraft:player_kills":1,"minecraft:swim_one_cm":4342,"minecraft:talked_to_villager":3,"minecraft:fly_one_cm":156328,"minecraft:open_chest":1,"minecraft:crouch_one_cm":3441,"minecraft:play_time":50603,"minecraft:deaths":18,"minecraft:sneak_time":4687,"minecraft:walk_under_water_one_cm":4901,"minecraft:jump":897,"minecraft:walk_on_water_one_cm":5336,"minecraft:total_world_time":50603,"minecraft:fall_one_cm":25173},"minecraft:killed":{"minecraft:cave_spider":1,"minecraft:skeleton":1,"minecraft:zombie":1}},"DataVersion":3953}