{"stats":{"minecraft:killed":{"minecraft:spider":1,"minecraft:magma_cube":1,"minecraft:zombie":1},"minecraft:custom":{"minecraft:time_since_rest":8617,"minecraft:crouch_one_cm":3642,"minecraft:play_time":44650,"minecraft:sprint_one_cm":50624,"minecraft:damage_taken":1360,"minecraft:walk_one_cm":167644,"minecraft:deaths":5,"minecraft:sneak_time":7691,"minecraft:mob_kills":3,"minecraft:jump":265,"minecraft:damage_dealt":527,"minecraft:leave_game":5,"minecraft:walk_on_water_one_cm":51,"minecraft:time_since_death":8575,"minecraft:total_world_time":44650,"minecraft:interact_with_crafting_table":2,"minecraft:fall_one_cm":7024,"minecraft:fly_one_cm":22223},"minecraft:killed_by":{"minecraft:skeleton":1},"minecraft:crafted":{"minecraft:cherry_planks":20,"minecraft:crafting_table":1,"minecraft:stick":4,"minecraft:wooden_pickaxe":1,"minecraft:stone_pickaxe":1},"minecraft:used":{"minecraft:crafting_table":1,"minecraft:dark_oak_fence":1,"minecraft:stone_pickaxe":80,"minecraft:wooden_pickaxe":36,"minecraft:cherry_planks":10},"minecraft:broken":{"minecraft:wooden_pickaxe":1},"minecraft:mined":{"minecraft:dark_oak_fence":1,"minecraft:cherry_planks":1,"minecraft:cherry_leaves":5,"minecraft:cherry_log":6,"minecraft:stone":89,"minecraft:deepslate":4},"minecraft:picked_up":{"minecraft:cobbled_deepslate":4,"minecraft:cherry_log":5,"minecraft:dark_oak_fence":1,"minecraft:string":2,"minecraft:cobblestone":85}},"DataVersion":3953}