{"stats":{"minecraft:crafted":{"minecraft:stone_sword":1,"minecraft:wooden_sword":1,"minecraft:acacia_planks":12,"minecraft:stick":12,"minecraft:wooden_pickaxe":1,"minecraft:stone_pickaxe":1},"minecraft:used":{"minecraft:dirt":3,"minecraft:wooden_pickaxe":11,"minecraft:acacia_planks":1},"minecraft:picked_up":{"minecraft:pink_petals":2,"minecraft:acacia_log":3,"minecraft:gray_bed":1,"minecraft:dirt":3,"minecraft:cobblestone":10},"minecraft:mined":{"minecraft:acacia_log":3,"minecraft:grass_block":1,"minecraft:dirt":2,"minecraft:gray_bed":1,"minecraft:stone":11},"minecraft:killed_by":{"minecraft:player":1},"minecraft:custom":{"minecraft:time_since_rest":424,"minecraft:crouch_one_cm":1049,"minecraft:play_time":13401,"minecraft:sprint_one_cm":23208,"minecraft:damage_taken":835,"minecraft:deaths":3,"minecraft:walk_one_cm":34097,"minecraft:sneak_time":474,"minecraft:jump":90,"minecraft:damage_dealt":27,"minecraft:leave_game":2,"minecraft:walk_on_water_one_cm":1595,"minecraft:time_since_death":0,"minecraft:total_world_time":13401,"minecraft:interact_with_crafting_table":3,"minecraft:talked_to_villager":1,"minecraft:fall_one_cm":2267,"minecraft:fly_one_cm":12898}},"DataVersion":3953}