{"stats":{"minecraft:picked_up":{"minecraft:torch":1,"minecraft:pointed_dripstone":1,"minecraft:brown_banner":1,"minecraft:dirt":1},"minecraft:used":{"minecraft:torch":1},"minecraft:mined":{"minecraft:podzol":1,"minecraft:short_grass":1,"minecraft:brown_banner":1,"minecraft:crafting_table":1},"minecraft:killed_by":{"minecraft:player":2},"minecraft:custom":{"minecraft:time_since_rest":1997,"minecraft:crouch_one_cm":432,"minecraft:play_time":9669,"minecraft:sprint_one_cm":16595,"minecraft:walk_one_cm":39697,"minecraft:damage_taken":2016,"minecraft:deaths":8,"minecraft:sneak_time":159,"minecraft:walk_under_water_one_cm":2811,"minecraft:jump":229,"minecraft:damage_dealt":911,"minecraft:leave_game":1,"minecraft:time_since_death":1971,"minecraft:walk_on_water_one_cm":2278,"minecraft:total_world_time":9669,"minecraft:climb_one_cm":45,"minecraft:swim_one_cm":289,"minecraft:fall_one_cm":7086,"minecraft:fly_one_cm":43183,"minecraft:player_kills":2}},"DataVersion":3953}