{"stats":{"minecraft:crafted":{"minecraft:cherry_planks":28,"minecraft:diamond_sword":1,"minecraft:diamond_axe":1,"minecraft:crafting_table":1,"minecraft:wooden_pickaxe":1,"minecraft:furnace":1,"minecraft:stone_axe":1,"minecraft:diamond_helmet":1,"minecraft:diamond_leggings":1,"minecraft:diamond_pickaxe":1,"minecraft:shield":1,"minecraft:stick":16,"minecraft:iron_ingot":3,"minecraft:stone_pickaxe":2,"minecraft:stone_sword":1,"minecraft:diamond_boots":1,"minecraft:diamond_chestplate":1},"minecraft:used":{"minecraft:diamond_boots":1,"minecraft:stone_pickaxe":32,"minecraft:shield":5,"minecraft:wooden_pickaxe":3,"minecraft:cherry_planks":5,"minecraft:diamond_axe":5,"minecraft:dirt":10,"minecraft:crafting_table":4,"minecraft:diamond_helmet":1,"minecraft:tuff":1,"minecraft:snowball":3,"minecraft:deepslate_tiles":1,"minecraft:diamond_pickaxe":3,"minecraft:iron_pickaxe":53,"minecraft:stone_axe":3,"minecraft:diamond_chestplate":1,"minecraft:diamond_sword":16,"minecraft:cobblestone":7,"minecraft:furnace":1,"minecraft:cobbled_deepslate":21,"minecraft:diamond_leggings":1},"minecraft:picked_up":{"minecraft:crafting_table":4,"minecraft:pink_petals":24,"minecraft:chest_minecart":1,"minecraft:tuff":1,"minecraft:dirt":10,"minecraft:string":1,"minecraft:deepslate_tiles":1,"minecraft:cobbled_deepslate":22,"minecraft:iron_pickaxe":1,"minecraft:diamond_helmet":1,"minecraft:furnace":1,"minecraft:raw_iron":1,"minecraft:cherry_log":9,"minecraft:redstone":8,"minecraft:diamond":32,"minecraft:snowball":3,"minecraft:cobblestone":27},"minecraft:mined":{"minecraft:deepslate_redstone_ore":1,"minecraft:deepslate_tiles":1,"minecraft:tuff":1,"minecraft:deepslate_diamond_ore":31,"minecraft:cherry_log":4,"minecraft:sculk_vein":2,"minecraft:crafting_table":4,"minecraft:grass_block":6,"minecraft:cobblestone":1,"minecraft:sculk":3,"minecraft:pink_petals":14,"minecraft:furnace":1,"minecraft:cobbled_deepslate":4,"minecraft:deepslate_iron_ore":1,"minecraft:dirt":4,"minecraft:stone":27,"minecraft:deepslate":18},"minecraft:killed_by":{"minecraft:player":1,"minecraft:creeper":1},"minecraft:custom":{"minecraft:interact_with_furnace":9,"minecraft:mob_kills":1,"minecraft:interact_with_crafting_table":23,"minecraft:open_barrel":12,"minecraft:leave_game":2,"minecraft:time_since_death":6461,"minecraft:time_since_rest":6502,"minecraft:sprint_one_cm":70391,"minecraft:damage_taken":601,"minecraft:walk_one_cm":107680,"minecraft:damage_blocked_by_shield":69,"minecraft:drop":1,"minecraft:damage_dealt":824,"minecraft:swim_one_cm":5634,"minecraft:player_kills":2,"minecraft:fly_one_cm":65960,"minecraft:open_chest":2,"minecraft:crouch_one_cm":12065,"minecraft:play_time":30888,"minecraft:deaths":2,"minecraft:sneak_time":3852,"minecraft:walk_under_water_one_cm":1282,"minecraft:jump":511,"minecraft:walk_on_water_one_cm":2701,"minecraft:total_world_time":30888,"minecraft:fall_one_cm":13511},"minecraft:dropped":{"minecraft:diamond_helmet":1},"minecraft:killed":{"minecraft:witch":1}},"DataVersion":3953}