{"stats":{"minecraft:dropped":{"minecraft:wooden_sword":1},"minecraft:custom":{"minecraft:time_since_rest":1229,"minecraft:sprint_one_cm":253804,"minecraft:damage_taken":24260,"minecraft:walk_one_cm":235588,"minecraft:mob_kills":7,"minecraft:drop":1,"minecraft:damage_dealt":2688,"minecraft:swim_one_cm":1483,"minecraft:talked_to_villager":2,"minecraft:interact_with_crafting_table":10,"minecraft:fly_one_cm":119318,"minecraft:player_kills":5,"minecraft:crouch_one_cm":7021,"minecraft:play_time":85948,"minecraft:deaths":39,"minecraft:sneak_time":1765,"minecraft:walk_under_water_one_cm":625,"minecraft:jump":1107,"minecraft:leave_game":1,"minecraft:walk_on_water_one_cm":1985,"minecraft:time_since_death":1197,"minecraft:climb_one_cm":240,"minecraft:total_world_time":85948,"minecraft:fall_one_cm":163350},"minecraft:killed_by":{"minecraft:player":14,"minecraft:zombie":5},"minecraft:mined":{"minecraft:carrots":5,"minecraft:soul_sand":4,"minecraft:spruce_log":12,"minecraft:stripped_spruce_log":1,"minecraft:potatoes":6,"minecraft:sculk_sensor":2,"minecraft:acacia_sign":1,"minecraft:spruce_leaves":1,"minecraft:spruce_slab":1},"minecraft:used":{"minecraft:wooden_axe":1,"minecraft:diamond_boots":1,"minecraft:stone_sword":99,"minecraft:acacia_sign":3,"minecraft:villager_spawn_egg":2,"minecraft:spruce_slab":2,"minecraft:baked_potato":1,"minecraft:spruce_planks":12,"minecraft:iron_sword":62,"minecraft:wooden_sword":1,"minecraft:cobblestone":3,"minecraft:crafting_table":1,"minecraft:furnace":1,"minecraft:carrot":3,"minecraft:spruce_log":2,"minecraft:snowball":2},"minecraft:crafted":{"minecraft:wooden_sword":1,"minecraft:crafting_table":1,"minecraft:stick":12,"minecraft:spruce_planks":32,"minecraft:wooden_pickaxe":1,"minecraft:wooden_axe":1,"minecraft:stone_sword":1,"minecraft:iron_sword":2,"minecraft:diamond_boots":1,"minecraft:stone_axe":1},"minecraft:picked_up":{"minecraft:stick":4,"minecraft:wheat":2,"minecraft:potato":12,"minecraft:villager_spawn_egg":2,"minecraft:stripped_spruce_log":1,"minecraft:spruce_log":11,"minecraft:carrot":8,"minecraft:iron_axe":1,"minecraft:rotten_flesh":6,"minecraft:diamond":5,"minecraft:wheat_seeds":9,"minecraft:acacia_sign":3,"minecraft:iron_ingot":2,"minecraft:bread":1,"minecraft:gold_ingot":2,"minecraft:wooden_shovel":1,"minecraft:baked_potato":1,"minecraft:spruce_slab":2,"minecraft:iron_sword":1,"minecraft:acacia_sapling":2,"minecraft:soul_sand":4,"minecraft:snowball":2,"minecraft:cobblestone":8,"minecraft:furnace":1},"minecraft:killed":{"minecraft:zombie":6}},"DataVersion":3953}