{"stats":{"minecraft:used":{"minecraft:lily_of_the_valley":1,"minecraft:birch_sapling":1},"minecraft:picked_up":{"minecraft:sweet_berries":3,"minecraft:wheat_seeds":1,"minecraft:pink_tulip":1,"minecraft:oak_log":1,"minecraft:spruce_log":2,"minecraft:lily_of_the_valley":1,"minecraft:birch_sapling":1,"minecraft:dirt":18},"minecraft:mined":{"minecraft:short_grass":6,"minecraft:grass_block":12,"minecraft:dirt_path":3,"minecraft:dirt":3,"minecraft:pink_tulip":1},"minecraft:killed_by":{"minecraft:player":1},"minecraft:custom":{"minecraft:time_since_rest":1029,"minecraft:open_chest":2,"minecraft:crouch_one_cm":368,"minecraft:play_time":12426,"minecraft:sprint_one_cm":12743,"minecraft:deaths":3,"minecraft:damage_taken":740,"minecraft:walk_one_cm":77381,"minecraft:sneak_time":57,"minecraft:jump":204,"minecraft:damage_dealt":309,"minecraft:leave_game":1,"minecraft:time_since_death":963,"minecraft:total_world_time":12426,"minecraft:climb_one_cm":187,"minecraft:interact_with_crafting_table":8,"minecraft:player_kills":1,"minecraft:fall_one_cm":2730,"minecraft:fly_one_cm":37193}},"DataVersion":3953}