{"stats":{"minecraft:used":{"minecraft:moss_block":1,"minecraft:torch":1,"minecraft:dirt":14,"minecraft:cherry_leaves":1},"minecraft:picked_up":{"minecraft:pink_petals":8,"minecraft:crafting_table":1,"minecraft:cherry_leaves":1,"minecraft:torch":1,"minecraft:moss_block":1,"minecraft:mutton":2,"minecraft:dirt":22},"minecraft:mined":{"minecraft:pink_petals":1,"minecraft:grass_block":11,"minecraft:dirt":10,"minecraft:moss_block":1,"minecraft:crafting_table":1},"minecraft:custom":{"minecraft:open_chest":1,"minecraft:time_since_rest":518,"minecraft:crouch_one_cm":1486,"minecraft:walk_one_cm":44658,"minecraft:play_time":18387,"minecraft:sprint_one_cm":52536,"minecraft:damage_taken":1284,"minecraft:deaths":5,"minecraft:sneak_time":1140,"minecraft:walk_under_water_one_cm":117,"minecraft:mob_kills":1,"minecraft:jump":347,"minecraft:damage_dealt":327,"minecraft:leave_game":1,"minecraft:time_since_death":455,"minecraft:walk_on_water_one_cm":8118,"minecraft:climb_one_cm":214,"minecraft:total_world_time":18387,"minecraft:swim_one_cm":7142,"minecraft:fall_one_cm":10649,"minecraft:fly_one_cm":50526},"minecraft:killed":{"minecraft:sheep":1}},"DataVersion":3953}