{"stats":{"minecraft:custom":{"minecraft:time_since_rest":4482,"minecraft:sprint_one_cm":23518,"minecraft:damage_taken":2999,"minecraft:walk_one_cm":164128,"minecraft:mob_kills":8,"minecraft:damage_dealt":1107,"minecraft:swim_one_cm":4015,"minecraft:talked_to_villager":5,"minecraft:interact_with_crafting_table":7,"minecraft:player_kills":1,"minecraft:fly_one_cm":10379,"minecraft:open_chest":2,"minecraft:crouch_one_cm":1394,"minecraft:play_time":44391,"minecraft:deaths":10,"minecraft:sneak_time":1254,"minecraft:walk_under_water_one_cm":835,"minecraft:jump":363,"minecraft:leave_game":2,"minecraft:time_since_death":4443,"minecraft:walk_on_water_one_cm":1950,"minecraft:total_world_time":44391,"minecraft:climb_one_cm":489,"minecraft:fall_one_cm":12091},"minecraft:killed_by":{"minecraft:player":2,"minecraft:zombified_piglin":1,"minecraft:zombie":1},"minecraft:used":{"minecraft:wooden_axe":34,"minecraft:stone_sword":57,"minecraft:spruce_planks":18,"minecraft:wooden_pickaxe":23,"minecraft:rotten_flesh":4,"minecraft:dirt":4,"minecraft:carrot":4},"minecraft:mined":{"minecraft:nether_gold_ore":1,"minecraft:spruce_planks":2,"minecraft:carrots":2,"minecraft:nether_wart_block":1,"minecraft:spruce_log":52,"minecraft:dark_oak_fence":1,"minecraft:torch":1,"minecraft:potatoes":2,"minecraft:cherry_leaves":3,"minecraft:dirt":4,"minecraft:nether_quartz_ore":2,"minecraft:cobblestone":5,"minecraft:smooth_basalt":7,"minecraft:spruce_leaves":22,"minecraft:stone":1,"minecraft:netherrack":2},"minecraft:crafted":{"minecraft:stone_pickaxe":1,"minecraft:stick":44,"minecraft:spruce_planks":140,"minecraft:wooden_pickaxe":1,"minecraft:wooden_axe":1,"minecraft:stone_sword":1},"minecraft:picked_up":{"minecraft:smooth_basalt":7,"minecraft:quartz":2,"minecraft:potato":10,"minecraft:spruce_sapling":1,"minecraft:spruce_log":50,"minecraft:carrot":10,"minecraft:string":2,"minecraft:dirt":20,"minecraft:rotten_flesh":6,"minecraft:gold_nugget":3,"minecraft:spruce_planks":7,"minecraft:dark_oak_fence":1,"minecraft:cobblestone":10},"minecraft:killed":{"minecraft:magma_cube":6,"minecraft:zombie":1,"minecraft:spider":1}},"DataVersion":3953}