{"stats":{"minecraft:custom":{"minecraft:jump":127,"minecraft:open_chest":5,"minecraft:time_since_rest":10296,"minecraft:damage_taken":930,"minecraft:interact_with_furnace":1,"minecraft:walk_one_cm":28152,"minecraft:damage_dealt":40,"minecraft:leave_game":7,"minecraft:sprint_one_cm":12576,"minecraft:play_time":14175,"minecraft:time_since_death":10194,"minecraft:walk_on_water_one_cm":1538,"minecraft:deaths":4,"minecraft:total_world_time":14175,"minecraft:walk_under_water_one_cm":30,"minecraft:mob_kills":1,"minecraft:swim_one_cm":2219,"minecraft:fall_one_cm":1790,"minecraft:fly_one_cm":28097},"minecraft:mined":{"minecraft:grass_block":1},"minecraft:killed":{"minecraft:slime":1}},"DataVersion":3953}