{"stats":{"minecraft:custom":{"minecraft:interact_with_furnace":2,"minecraft:mob_kills":4,"minecraft:interact_with_crafting_table":7,"minecraft:open_barrel":2,"minecraft:leave_game":5,"minecraft:time_since_death":6515,"minecraft:sleep_in_bed":1,"minecraft:time_since_rest":6560,"minecraft:sprint_one_cm":185027,"minecraft:damage_taken":5396,"minecraft:walk_one_cm":250689,"minecraft:drop":5,"minecraft:damage_dealt":2728,"minecraft:swim_one_cm":9112,"minecraft:talked_to_villager":1,"minecraft:fly_one_cm":309214,"minecraft:player_kills":9,"minecraft:open_chest":12,"minecraft:crouch_one_cm":7564,"minecraft:play_time":72867,"minecraft:deaths":20,"minecraft:sneak_time":1992,"minecraft:walk_under_water_one_cm":7981,"minecraft:jump":1662,"minecraft:walk_on_water_one_cm":11493,"minecraft:total_world_time":72867,"minecraft:fall_one_cm":36664},"minecraft:killed_by":{"minecraft:player":4,"minecraft:creeper":2},"minecraft:used":{"minecraft:stone_sword":12,"minecraft:stone_pickaxe":71,"minecraft:spruce_planks":1,"minecraft:wooden_pickaxe":6,"minecraft:torch":6,"minecraft:dirt":20,"minecraft:mushroom_stew":1,"minecraft:red_mushroom":2,"minecraft:bread":2,"minecraft:stone_axe":45,"minecraft:cobblestone":50,"minecraft:cobbled_deepslate":2},"minecraft:picked_up":{"minecraft:cherry_planks":3,"minecraft:red_mushroom":2,"minecraft:lily_pad":2,"minecraft:dirt":22,"minecraft:raw_copper":4,"minecraft:bone":2,"minecraft:acacia_planks":1,"minecraft:bow":1,"minecraft:wheat_seeds":5,"minecraft:cobbled_deepslate":2,"minecraft:spruce_planks":1,"minecraft:moss_block":3,"minecraft:stick":5,"minecraft:acacia_fence":1,"minecraft:torch":6,"minecraft:acacia_log":2,"minecraft:sand":1,"minecraft:cherry_log":3,"minecraft:redstone":5,"minecraft:arrow":1,"minecraft:sugar":2,"minecraft:beetroot_seeds":1,"minecraft:cherry_sapling":1,"minecraft:bread":2,"minecraft:coal":5,"minecraft:cobblestone":58},"minecraft:mined":{"minecraft:acacia_leaves":2,"minecraft:cherry_planks":2,"minecraft:cherry_log":3,"minecraft:torch":5,"minecraft:short_grass":3,"minecraft:acacia_log":1,"minecraft:grass_block":1,"minecraft:infested_cobblestone":2,"minecraft:dead_bush":3,"minecraft:brown_mushroom_block":1,"minecraft:tall_grass":3,"minecraft:copper_ore":1,"minecraft:wall_torch":1,"minecraft:tall_seagrass":1,"minecraft:iron_ore":1,"minecraft:ice":1,"minecraft:coal_ore":5,"minecraft:mycelium":9,"minecraft:beetroots":1,"minecraft:cherry_leaves":1,"minecraft:acacia_fence":1,"minecraft:dirt":6,"minecraft:stone":59,"minecraft:deepslate":2},"minecraft:crafted":{"minecraft:wooden_pickaxe":1,"minecraft:bowl":4,"minecraft:stone_axe":1,"minecraft:stick":12,"minecraft:stone_pickaxe":1,"minecraft:stone_sword":1,"minecraft:acacia_planks":8,"minecraft:torch":16},"minecraft:killed":{"minecraft:witch":1,"minecraft:skeleton":1,"minecraft:zombie":1,"minecraft:silverfish":1},"minecraft:dropped":{"minecraft:wheat_seeds":1,"minecraft:mushroom_stew":1,"minecraft:wooden_pickaxe":1,"minecraft:lily_pad":2}},"DataVersion":3953}