{"stats":{"minecraft:used":{"minecraft:dirt":22,"minecraft:sand":2,"minecraft:snowball":10},"minecraft:picked_up":{"minecraft:pink_petals":9,"minecraft:torch":1,"minecraft:sand":2,"minecraft:cherry_log":1,"minecraft:pointed_dripstone":1,"minecraft:gunpowder":2,"minecraft:dirt":26,"minecraft:arrow":2,"minecraft:cactus":3,"minecraft:wheat_seeds":4,"minecraft:cherry_sapling":1,"minecraft:poppy":4,"minecraft:rooted_dirt":1,"minecraft:oak_sapling":1,"minecraft:moss_block":1,"minecraft:snowball":10,"minecraft:cobblestone":16},"minecraft:mined":{"minecraft:pink_petals":3,"minecraft:cactus":1,"minecraft:sweet_berry_bush":1,"minecraft:azure_bluet":1,"minecraft:pointed_dripstone":1,"minecraft:grass_block":3,"minecraft:sand":2,"minecraft:dirt":25,"minecraft:tall_grass":1,"minecraft:moss_block":2,"minecraft:oak_leaves":5},"minecraft:custom":{"minecraft:time_since_rest":13945,"minecraft:interact_with_furnace":2,"minecraft:sprint_one_cm":58549,"minecraft:damage_taken":4418,"minecraft:walk_one_cm":479441,"minecraft:mob_kills":2,"minecraft:drop":38,"minecraft:damage_dealt":410,"minecraft:fly_one_cm":34131,"minecraft:open_barrel":1,"minecraft:open_chest":3,"minecraft:crouch_one_cm":11057,"minecraft:play_time":86727,"minecraft:deaths":17,"minecraft:sneak_time":3140,"minecraft:walk_under_water_one_cm":1093,"minecraft:jump":714,"minecraft:interact_with_stonecutter":1,"minecraft:leave_game":3,"minecraft:walk_on_water_one_cm":1998,"minecraft:time_since_death":13743,"minecraft:climb_one_cm":2416,"minecraft:total_world_time":86727,"minecraft:fall_one_cm":20333},"minecraft:dropped":{"minecraft:poppy":4,"minecraft:dirt":4,"minecraft:moss_block":1,"minecraft:wheat_seeds":4,"minecraft:cherry_log":1,"minecraft:torch":1,"minecraft:pointed_dripstone":1,"minecraft:cobblestone":16,"minecraft:rooted_dirt":1,"minecraft:cactus":3,"minecraft:pink_petals":3}},"DataVersion":3953}