{"stats":{"minecraft:custom":{"minecraft:jump":53,"minecraft:time_since_rest":2099,"minecraft:crouch_one_cm":365,"minecraft:damage_dealt":16,"minecraft:deaths":4,"minecraft:sprint_one_cm":10266,"minecraft:leave_game":3,"minecraft:play_time":11030,"minecraft:damage_taken":1212,"minecraft:time_since_death":2049,"minecraft:walk_one_cm":46194,"minecraft:sneak_time":163,"minecraft:climb_one_cm":300,"minecraft:total_world_time":11030,"minecraft:fall_one_cm":1893,"minecraft:fly_one_cm":10634}},"DataVersion":3953}