{"stats":{"minecraft:custom":{"minecraft:jump":49,"minecraft:time_since_rest":5701,"minecraft:damage_dealt":15,"minecraft:damage_taken":220,"minecraft:play_time":13560,"minecraft:leave_game":4,"minecraft:sprint_one_cm":3411,"minecraft:walk_one_cm":39357,"minecraft:time_since_death":5634,"minecraft:deaths":1,"minecraft:total_world_time":13560,"minecraft:fall_one_cm":1091,"minecraft:fly_one_cm":4711},"minecraft:picked_up":{"minecraft:pink_petals":2,"minecraft:torch":1,"minecraft:dirt":1}},"DataVersion":3953}