{"stats":{"minecraft:used":{"minecraft:rooted_dirt":1,"minecraft:wooden_pickaxe":7,"minecraft:wooden_sword":29,"minecraft:dirt":1,"minecraft:cobblestone":2,"minecraft:cod":3,"minecraft:cherry_log":1},"minecraft:picked_up":{"minecraft:wooden_axe":1,"minecraft:pink_petals":1,"minecraft:cherry_planks":7,"minecraft:wooden_pickaxe":1,"minecraft:sand":1,"minecraft:jungle_planks":2,"minecraft:cherry_log":1,"minecraft:dirt":19,"minecraft:wooden_sword":1,"minecraft:rotten_flesh":1,"minecraft:rooted_dirt":1,"minecraft:moss_block":2,"minecraft:cod":3,"minecraft:cobblestone":8},"minecraft:mined":{"minecraft:flowering_azalea":1,"minecraft:ice":1,"minecraft:spruce_log":1,"minecraft:birch_leaves":10,"minecraft:powder_snow":2,"minecraft:cave_vines_plant":1,"minecraft:short_grass":5,"minecraft:allium":1,"minecraft:grass_block":9,"minecraft:jungle_planks":2,"minecraft:sand":2,"minecraft:dirt":15,"minecraft:tall_grass":1,"minecraft:stone":2,"minecraft:moss_block":3,"minecraft:rooted_dirt":1},"minecraft:killed_by":{"minecraft:player":4,"minecraft:creeper":2},"minecraft:custom":{"minecraft:time_since_rest":1823,"minecraft:sprint_one_cm":154846,"minecraft:damage_taken":3429,"minecraft:walk_one_cm":177619,"minecraft:mob_kills":6,"minecraft:drop":5,"minecraft:damage_dealt":674,"minecraft:fly_one_cm":31347,"minecraft:crouch_one_cm":3637,"minecraft:play_time":60031,"minecraft:deaths":13,"minecraft:sneak_time":2373,"minecraft:walk_under_water_one_cm":5681,"minecraft:jump":469,"minecraft:leave_game":4,"minecraft:walk_on_water_one_cm":5539,"minecraft:time_since_death":1763,"minecraft:total_world_time":60031,"minecraft:fall_one_cm":18331},"minecraft:killed":{"minecraft:zombie":1,"minecraft:cod":3},"minecraft:dropped":{"minecraft:moss_block":2,"minecraft:rotten_flesh":1,"minecraft:sand":1,"minecraft:pink_petals":1}},"DataVersion":3953}