{"stats":{"minecraft:crafted":{"minecraft:cherry_planks":88,"minecraft:raw_iron":9,"minecraft:stone_shovel":1,"minecraft:crafting_table":1,"minecraft:spruce_planks":28,"minecraft:cherry_slab":144,"minecraft:wooden_pickaxe":1,"minecraft:iron_sword":1,"minecraft:furnace":1,"minecraft:stone":5,"minecraft:cobblestone_stairs":76,"minecraft:bucket":1,"minecraft:stone_axe":2,"minecraft:charcoal":17,"minecraft:ladder":12,"minecraft:stick":44,"minecraft:iron_ingot":23,"minecraft:iron_pickaxe":1,"minecraft:stone_pickaxe":1,"minecraft:cobblestone_wall":8,"minecraft:stone_sword":1,"minecraft:iron_leggings":1,"minecraft:stonecutter":1,"minecraft:torch":12,"minecraft:cherry_fence":6},"minecraft:used":{"minecraft:water_bucket":1,"minecraft:stone_sword":2,"minecraft:cobblestone_stairs":63,"minecraft:stone_shovel":51,"minecraft:stone_pickaxe":129,"minecraft:wooden_pickaxe":14,"minecraft:ladder":10,"minecraft:spruce_planks":1,"minecraft:stone":2,"minecraft:iron_sword":28,"minecraft:cherry_planks":76,"minecraft:stonecutter":1,"minecraft:cobblestone_slab":1,"minecraft:cracked_stone_bricks":1,"minecraft:torch":4,"minecraft:dirt":55,"minecraft:crafting_table":4,"minecraft:cobblestone_wall":2,"minecraft:cherry_slab":154,"minecraft:iron_pickaxe":203,"minecraft:soul_lantern":3,"minecraft:stone_axe":209,"minecraft:deepslate_diamond_ore":1,"minecraft:basalt":4,"minecraft:cobblestone":218,"minecraft:soul_soil":4,"minecraft:furnace":1,"minecraft:bucket":1,"minecraft:cherry_fence":2,"minecraft:cobbled_deepslate":19,"minecraft:cherry_log":68},"minecraft:picked_up":{"minecraft:pink_petals":7,"minecraft:crafting_table":3,"minecraft:basalt":4,"minecraft:cherry_planks":140,"minecraft:ladder":1,"minecraft:crimson_stem":5,"minecraft:gold_block":3,"minecraft:stone_brick_stairs":1,"minecraft:cobblestone_wall":1,"minecraft:cobblestone_stairs":2,"minecraft:lapis_lazuli":27,"minecraft:dirt":55,"minecraft:soul_soil":4,"minecraft:acacia_planks":2,"minecraft:cracked_stone_bricks":1,"minecraft:orange_tulip":1,"minecraft:cobbled_deepslate":19,"minecraft:raw_gold":3,"minecraft:white_tulip":2,"minecraft:iron_ingot":1,"minecraft:cobblestone_slab":3,"minecraft:furnace":1,"minecraft:stick":6,"minecraft:raw_iron":34,"minecraft:raw_iron_block":2,"minecraft:dripstone_block":2,"minecraft:cherry_log":115,"minecraft:red_banner":1,"minecraft:pointed_dripstone":4,"minecraft:spruce_log":9,"minecraft:redstone":55,"minecraft:diamond":10,"minecraft:soul_lantern":4,"minecraft:red_tulip":1,"minecraft:cherry_sapling":4,"minecraft:emerald":1,"minecraft:cherry_slab":10,"minecraft:netherrack":2,"minecraft:coal":2,"minecraft:crimson_roots":1,"minecraft:cobblestone":327},"minecraft:mined":{"minecraft:deepslate_redstone_ore":12,"minecraft:acacia_leaves":7,"minecraft:cherry_planks":54,"minecraft:deepslate_diamond_ore":9,"minecraft:cobblestone_stairs":4,"minecraft:cherry_log":125,"minecraft:sculk_vein":5,"minecraft:basalt":1,"minecraft:powder_snow":2,"minecraft:soul_lantern":5,"minecraft:crafting_table":2,"minecraft:ladder":1,"minecraft:short_grass":1,"minecraft:emerald_ore":1,"minecraft:grass_block":27,"minecraft:soul_soil":2,"minecraft:cobblestone":104,"minecraft:deepslate_gold_ore":3,"minecraft:sculk":5,"minecraft:crimson_stem":6,"minecraft:cherry_slab":6,"minecraft:pink_petals":6,"minecraft:warped_nylium":1,"minecraft:raw_iron_block":2,"minecraft:furnace":1,"minecraft:cobblestone_wall":1,"minecraft:iron_ore":20,"minecraft:cobbled_deepslate":3,"minecraft:spruce_log":6,"minecraft:orange_tulip":1,"minecraft:deepslate_lapis_ore":5,"minecraft:gold_block":3,"minecraft:coal_ore":1,"minecraft:cobblestone_slab":4,"minecraft:cherry_leaves":32,"minecraft:dirt":37,"minecraft:dripstone_block":2,"minecraft:stone":129,"minecraft:deepslate":16},"minecraft:killed_by":{"minecraft:player":2},"minecraft:custom":{"minecraft:interact_with_furnace":24,"minecraft:mob_kills":1,"minecraft:interact_with_crafting_table":18,"minecraft:open_barrel":2,"minecraft:interact_with_stonecutter":4,"minecraft:leave_game":3,"minecraft:time_since_death":0,"minecraft:climb_one_cm":11217,"minecraft:time_since_rest":209,"minecraft:sprint_one_cm":167424,"minecraft:damage_taken":5459,"minecraft:walk_one_cm":473740,"minecraft:drop":9,"minecraft:damage_dealt":959,"minecraft:fly_one_cm":132566,"minecraft:player_kills":2,"minecraft:open_chest":9,"minecraft:crouch_one_cm":15494,"minecraft:play_time":146497,"minecraft:deaths":22,"minecraft:sneak_time":6580,"minecraft:walk_under_water_one_cm":139,"minecraft:jump":1307,"minecraft:walk_on_water_one_cm":383,"minecraft:total_world_time":146497,"minecraft:fall_one_cm":35276},"minecraft:broken":{"minecraft:stone_pickaxe":1,"minecraft:stone_axe":1},"minecraft:killed":{"minecraft:zombie":1},"minecraft:dropped":{"minecraft:iron_ingot":3,"minecraft:iron_sword":1,"minecraft:dripstone_block":2,"minecraft:spruce_planks":1,"minecraft:spruce_log":1,"minecraft:raw_iron_block":1,"minecraft:red_tulip":1,"minecraft:netherrack":2}},"DataVersion":3953}