{"stats":{"minecraft:custom":{"minecraft:open_chest":3,"minecraft:time_since_rest":462,"minecraft:crouch_one_cm":1513,"minecraft:sprint_one_cm":42374,"minecraft:play_time":28000,"minecraft:deaths":11,"minecraft:damage_taken":2944,"minecraft:walk_one_cm":125546,"minecraft:sneak_time":590,"minecraft:walk_under_water_one_cm":4968,"minecraft:jump":254,"minecraft:damage_dealt":497,"minecraft:walk_on_water_one_cm":4384,"minecraft:leave_game":2,"minecraft:time_since_death":394,"minecraft:total_world_time":28000,"minecraft:swim_one_cm":21,"minecraft:interact_with_crafting_table":1,"minecraft:fall_one_cm":6641,"minecraft:fly_one_cm":8322},"minecraft:killed_by":{"minecraft:skeleton":2,"minecraft:zombie":1},"minecraft:picked_up":{"minecraft:rotten_flesh":2,"minecraft:spruce_planks":6,"minecraft:spruce_log":5,"minecraft:dirt":1,"minecraft:cobblestone":2},"minecraft:used":{"minecraft:rotten_flesh":1,"minecraft:wooden_axe":28,"minecraft:dirt":1,"minecraft:crafting_table":1,"minecraft:spruce_planks":8,"minecraft:wooden_pickaxe":2,"minecraft:spruce_log":1},"minecraft:mined":{"minecraft:spruce_planks":6,"minecraft:dirt":1,"minecraft:spruce_log":4,"minecraft:stone":2},"minecraft:crafted":{"minecraft:crafting_table":1,"minecraft:spruce_planks":16,"minecraft:stick":4,"minecraft:wooden_pickaxe":1,"minecraft:wooden_axe":1}},"DataVersion":3953}