{"stats":{"minecraft:custom":{"minecraft:open_chest":11,"minecraft:time_since_rest":13782,"minecraft:play_time":13782,"minecraft:sprint_one_cm":8381,"minecraft:damage_taken":60,"minecraft:walk_one_cm":46317,"minecraft:jump":62,"minecraft:leave_game":3,"minecraft:time_since_death":13782,"minecraft:total_world_time":13782,"minecraft:interact_with_crafting_table":1,"minecraft:talked_to_villager":1,"minecraft:fall_one_cm":1388,"minecraft:fly_one_cm":690},"minecraft:crafted":{"minecraft:spruce_sign":3,"minecraft:spruce_planks":28},"minecraft:used":{"minecraft:torch":1,"minecraft:dirt":4,"minecraft:oak_slab":1,"minecraft:spruce_planks":34,"minecraft:potato":4,"minecraft:spruce_sign":2,"minecraft:spruce_sapling":5},"minecraft:mined":{"minecraft:podzol":17,"minecraft:potatoes":1,"minecraft:oak_slab":1,"minecraft:spruce_planks":12,"minecraft:spruce_leaves":26,"minecraft:spruce_log":7,"minecraft:spruce_sign":1},"minecraft:picked_up":{"minecraft:oak_slab":1,"minecraft:stick":4,"minecraft:torch":1,"minecraft:potato":4,"minecraft:spruce_planks":12,"minecraft:spruce_sign":1,"minecraft:spruce_sapling":9,"minecraft:spruce_log":7,"minecraft:dirt":15}},"DataVersion":3953}