{"stats":{"minecraft:custom":{"minecraft:interact_with_furnace":1,"minecraft:interact_with_anvil":1,"minecraft:mob_kills":5,"minecraft:open_barrel":2,"minecraft:leave_game":3,"minecraft:time_since_death":155773,"minecraft:climb_one_cm":105,"minecraft:time_since_rest":155799,"minecraft:sprint_one_cm":236171,"minecraft:damage_taken":7275,"minecraft:walk_one_cm":606079,"minecraft:damage_blocked_by_shield":300,"minecraft:drop":34,"minecraft:damage_dealt":14538,"minecraft:fly_one_cm":3577018,"minecraft:swim_one_cm":8912,"minecraft:talked_to_villager":13,"minecraft:player_kills":60,"minecraft:open_chest":2,"minecraft:crouch_one_cm":28685,"minecraft:play_time":318534,"minecraft:deaths":16,"minecraft:sneak_time":14386,"minecraft:walk_under_water_one_cm":24966,"minecraft:boat_one_cm":276,"minecraft:jump":2117,"minecraft:walk_on_water_one_cm":13611,"minecraft:total_world_time":318534,"minecraft:fall_one_cm":20909},"minecraft:dropped":{"minecraft:spruce_sign":1,"minecraft:iron_ingot":2,"minecraft:anvil":1,"minecraft:kelp":3,"minecraft:cherry_log":2,"minecraft:diamond":3,"minecraft:netherite_sword":1,"minecraft:cobblestone":10,"minecraft:rotten_flesh":1,"minecraft:jungle_planks":1,"minecraft:oak_sign":1,"minecraft:grass_block":1,"minecraft:potato":1,"minecraft:gunpowder":2,"minecraft:spruce_planks":4,"minecraft:wooden_shovel":1,"minecraft:armadillo_scute":1,"minecraft:spruce_log":3,"minecraft:string":2},"minecraft:killed_by":{"minecraft:player":14},"minecraft:mined":{"minecraft:spruce_planks":4,"minecraft:cherry_planks":1,"minecraft:torch":1,"minecraft:tall_grass":1,"minecraft:dirt":1,"minecraft:spruce_slab":1},"minecraft:used":{"minecraft:oak_fence":80,"minecraft:netherite_sword":48,"minecraft:spruce_slab":40,"minecraft:oak_sign":4,"minecraft:spruce_planks":10,"minecraft:shield":6,"minecraft:iron_sword":65,"minecraft:spruce_sign":5,"minecraft:cobblestone_slab":6,"minecraft:diamond_axe":21,"minecraft:glow_ink_sac":3,"minecraft:farmland":11,"minecraft:rotten_flesh":1,"minecraft:torch":10,"minecraft:dirt":3,"minecraft:anvil":1,"minecraft:jungle_planks":1,"minecraft:carrot":9,"minecraft:purple_banner":1,"minecraft:grass_block":70,"minecraft:iron_axe":62,"minecraft:barrier":36,"minecraft:netherite_hoe":1,"minecraft:deepslate":12,"minecraft:spruce_sapling":91,"minecraft:purple_dye":3,"minecraft:diamond_sword":47,"minecraft:cobblestone":6,"minecraft:golden_carrot":1,"minecraft:cooked_porkchop":31,"minecraft:dark_oak_fence":58,"minecraft:podzol":1,"minecraft:potato":121,"minecraft:bone_meal":277},"minecraft:picked_up":{"minecraft:wheat":1,"minecraft:gunpowder":2,"minecraft:string":2,"minecraft:dirt":1,"minecraft:purple_banner":1,"minecraft:kelp":3,"minecraft:netherite_sword":1,"minecraft:spruce_planks":5,"minecraft:iron_ingot":2,"minecraft:wooden_shovel":1,"minecraft:spruce_slab":1,"minecraft:yellow_concrete":8,"minecraft:torch":1,"minecraft:mace":1,"minecraft:spruce_sapling":5,"minecraft:cherry_log":2,"minecraft:spruce_log":3,"minecraft:rotten_flesh":2,"minecraft:diamond":2,"minecraft:armadillo_scute":1,"minecraft:spruce_sign":1,"minecraft:gold_ingot":9,"minecraft:cobblestone":9},"minecraft:killed":{"minecraft:zombie":4}},"DataVersion":3953}