{"stats":{"minecraft:dropped":{"minecraft:copper_ingot":1},"minecraft:custom":{"minecraft:time_since_rest":223,"minecraft:sprint_one_cm":76011,"minecraft:damage_taken":4646,"minecraft:walk_one_cm":86582,"minecraft:mob_kills":1,"minecraft:drop":1,"minecraft:damage_dealt":2311,"minecraft:interact_with_crafting_table":7,"minecraft:talked_to_villager":6,"minecraft:fly_one_cm":36050,"minecraft:player_kills":6,"minecraft:crouch_one_cm":1832,"minecraft:play_time":23673,"minecraft:deaths":18,"minecraft:sneak_time":1125,"minecraft:jump":396,"minecraft:leave_game":2,"minecraft:time_since_death":196,"minecraft:walk_on_water_one_cm":191,"minecraft:total_world_time":23673,"minecraft:fall_one_cm":7895},"minecraft:killed_by":{"minecraft:player":8},"minecraft:used":{"minecraft:iron_axe":32,"minecraft:spruce_slab":11,"minecraft:wooden_pickaxe":48,"minecraft:iron_sword":19,"minecraft:dirt":2,"minecraft:crafting_table":2,"minecraft:carrot":2,"minecraft:spruce_log":1},"minecraft:mined":{"minecraft:carrots":24,"minecraft:spruce_log":19,"minecraft:crafting_table":2,"minecraft:potatoes":26,"minecraft:dirt":2,"minecraft:spruce_leaves":1,"minecraft:spruce_slab":9},"minecraft:crafted":{"minecraft:iron_axe":1,"minecraft:crafting_table":1,"minecraft:spruce_planks":72,"minecraft:stick":8,"minecraft:wooden_pickaxe":1,"minecraft:iron_sword":1},"minecraft:picked_up":{"minecraft:crafting_table":2,"minecraft:copper_ingot":1,"minecraft:potato":28,"minecraft:spruce_sapling":2,"minecraft:carrot":26,"minecraft:spruce_log":19,"minecraft:dirt":2,"minecraft:rotten_flesh":1,"minecraft:iron_ingot":5,"minecraft:gold_ingot":3,"minecraft:spruce_slab":11}},"DataVersion":3953}