{"stats":{"minecraft:used":{"minecraft:dirt":27},"minecraft:picked_up":{"minecraft:blue_orchid":1,"minecraft:wheat_seeds":1,"minecraft:orange_tulip":1,"minecraft:dirt":27},"minecraft:mined":{"minecraft:grass_block":26,"minecraft:dirt":6},"minecraft:custom":{"minecraft:jump":139,"minecraft:time_since_rest":2469,"minecraft:leave_game":1,"minecraft:crouch_one_cm":1504,"minecraft:deaths":5,"minecraft:sprint_one_cm":19648,"minecraft:play_time":10623,"minecraft:damage_taken":1200,"minecraft:time_since_death":2434,"minecraft:walk_one_cm":33984,"minecraft:sneak_time":743,"minecraft:total_world_time":10623,"minecraft:fall_one_cm":2742,"minecraft:fly_one_cm":18204}},"DataVersion":3953}