{"stats":{"minecraft:custom":{"minecraft:interact_with_furnace":5,"minecraft:mob_kills":19,"minecraft:traded_with_villager":4,"minecraft:interact_with_crafting_table":6,"minecraft:open_barrel":2,"minecraft:leave_game":3,"minecraft:time_since_death":3137,"minecraft:climb_one_cm":1104,"minecraft:time_since_rest":3256,"minecraft:sprint_one_cm":334750,"minecraft:damage_taken":9584,"minecraft:walk_one_cm":241994,"minecraft:damage_blocked_by_shield":10,"minecraft:drop":18,"minecraft:damage_dealt":4935,"minecraft:swim_one_cm":11397,"minecraft:talked_to_villager":6,"minecraft:fly_one_cm":121956,"minecraft:player_kills":4,"minecraft:open_chest":1,"minecraft:crouch_one_cm":25238,"minecraft:play_time":91445,"minecraft:deaths":36,"minecraft:sneak_time":13514,"minecraft:walk_under_water_one_cm":1635,"minecraft:jump":1029,"minecraft:walk_on_water_one_cm":7635,"minecraft:total_world_time":91445,"minecraft:fall_one_cm":29601},"minecraft:killed_by":{"minecraft:vindicator":2,"minecraft:player":2,"minecraft:zombified_piglin":1,"minecraft:wither_skeleton":2,"minecraft:skeleton":3,"minecraft:spider":1,"minecraft:zombie":6,"minecraft:pillager":1,"minecraft:magma_cube":3,"minecraft:slime":1},"minecraft:broken":{"minecraft:iron_helmet":1,"minecraft:iron_leggings":1},"minecraft:picked_up":{"minecraft:magma_block":2,"minecraft:basalt":33,"minecraft:cooked_beef":12,"minecraft:ominous_bottle":1,"minecraft:diamond_sword":1,"minecraft:potato":5,"minecraft:potion":4,"minecraft:flint":1,"minecraft:lapis_lazuli":10,"minecraft:dirt":1,"minecraft:white_banner":2,"minecraft:bone":10,"minecraft:kelp":1,"minecraft:raw_gold":1,"minecraft:iron_ingot":42,"minecraft:trial_key":11,"minecraft:coal_block":2,"minecraft:oak_slab":1,"minecraft:copper_ingot":14,"minecraft:torch":3,"minecraft:quartz":7,"minecraft:cyan_glazed_terracotta":1,"minecraft:light_blue_glazed_terracotta":2,"minecraft:gravel":23,"minecraft:stripped_spruce_log":1,"minecraft:cherry_log":18,"minecraft:spruce_log":56,"minecraft:arrow":9,"minecraft:rotten_flesh":20,"minecraft:blue_glazed_terracotta":2,"minecraft:white_concrete":1,"minecraft:emerald":12,"minecraft:gold_ingot":4,"minecraft:bread":3,"minecraft:baked_potato":2,"minecraft:netherrack":1,"minecraft:obsidian":12,"minecraft:cobblestone":192,"minecraft:diamond_pickaxe":1},"minecraft:used":{"minecraft:golden_boots":1,"minecraft:flint_and_steel":1,"minecraft:red_concrete":16,"minecraft:spruce_planks":96,"minecraft:shield":1,"minecraft:cherry_planks":44,"minecraft:dirt":1,"minecraft:crafting_table":1,"minecraft:spruce_log":9,"minecraft:obsidian":12,"minecraft:diamond_pickaxe":74,"minecraft:iron_axe":81,"minecraft:gravel":23,"minecraft:basalt":33,"minecraft:diamond_sword":264,"minecraft:cobblestone":98,"minecraft:cooked_beef":1,"minecraft:white_concrete":57,"minecraft:kelp":1,"minecraft:cherry_log":6},"minecraft:mined":{"minecraft:deepslate_diamond_ore":3,"minecraft:kelp_plant":1,"minecraft:cherry_log":18,"minecraft:basalt":34,"minecraft:blue_stained_glass":3,"minecraft:cyan_glazed_terracotta":1,"minecraft:obsidian":13,"minecraft:short_grass":1,"minecraft:light_blue_glazed_terracotta":2,"minecraft:white_concrete":1,"minecraft:coal_block":2,"minecraft:cobblestone":2,"minecraft:spruce_leaves":8,"minecraft:deepslate_gold_ore":1,"minecraft:kelp":1,"minecraft:tall_seagrass":1,"minecraft:magma_block":4,"minecraft:blue_ice":2,"minecraft:spruce_log":61,"minecraft:stripped_spruce_log":1,"minecraft:cherry_leaves":3,"minecraft:gravel":24,"minecraft:dirt":1,"minecraft:packed_ice":1,"minecraft:blue_glazed_terracotta":2,"minecraft:acacia_planks":1,"minecraft:netherrack":1},"minecraft:crafted":{"minecraft:cherry_planks":48,"minecraft:coal":18,"minecraft:spruce_sign":3,"minecraft:crafting_table":1,"minecraft:iron_nugget":9,"minecraft:spruce_planks":188,"minecraft:iron_helmet":1,"minecraft:bread":48,"minecraft:flint_and_steel":1,"minecraft:iron_boots":1,"minecraft:shield":2,"minecraft:iron_axe":1,"minecraft:stick":4,"minecraft:iron_leggings":1,"minecraft:golden_boots":1},"minecraft:killed":{"minecraft:piglin":1,"minecraft:skeleton":1,"minecraft:zombie":12},"minecraft:dropped":{"minecraft:stripped_spruce_log":1,"minecraft:oak_slab":1,"minecraft:light_blue_glazed_terracotta":2,"minecraft:baked_potato":2,"minecraft:cyan_glazed_terracotta":1,"minecraft:orange_concrete":18,"minecraft:cobblestone":94,"minecraft:rotten_flesh":20,"minecraft:spruce_fence":2,"minecraft:torch":3,"minecraft:charcoal":1,"minecraft:white_banner":1,"minecraft:blue_glazed_terracotta":2,"minecraft:arrow":9,"minecraft:raw_gold":1,"minecraft:quartz":7,"minecraft:netherrack":1}},"DataVersion":3953}