{"stats":{"minecraft:crafted":{"minecraft:raw_iron":9,"minecraft:cobblestone_slab":60,"minecraft:stone_shovel":1,"minecraft:spruce_sign":3,"minecraft:spruce_planks":44,"minecraft:wooden_pickaxe":1,"minecraft:stone_axe":1,"minecraft:shield":1,"minecraft:stick":16,"minecraft:iron_ingot":2,"minecraft:stone_pickaxe":1,"minecraft:stone_sword":1},"minecraft:used":{"minecraft:water_bucket":1,"minecraft:stone_shovel":75,"minecraft:stone_pickaxe":116,"minecraft:wooden_pickaxe":4,"minecraft:spruce_planks":2,"minecraft:shield":6,"minecraft:spruce_sign":1,"minecraft:clay":13,"minecraft:cobblestone_slab":29,"minecraft:dirt":164,"minecraft:snowball":31,"minecraft:lava_bucket":1,"minecraft:stone_axe":9,"minecraft:cobblestone":2},"minecraft:picked_up":{"minecraft:pink_petals":21,"minecraft:crafting_table":1,"minecraft:allium":1,"minecraft:wooden_pickaxe":1,"minecraft:shield":1,"minecraft:gunpowder":1,"minecraft:dirt":169,"minecraft:blue_orchid":1,"minecraft:cobbled_deepslate":1,"minecraft:spruce_planks":6,"minecraft:cobblestone_slab":2,"minecraft:raw_iron":2,"minecraft:raw_iron_block":1,"minecraft:cherry_log":6,"minecraft:spruce_sapling":3,"minecraft:spruce_log":31,"minecraft:arrow":5,"minecraft:rotten_flesh":1,"minecraft:oak_sapling":1,"minecraft:snowball":31,"minecraft:cobblestone":105},"minecraft:mined":{"minecraft:podzol":20,"minecraft:spruce_planks":6,"minecraft:sculk_vein":1,"minecraft:powder_snow":1,"minecraft:crafting_table":1,"minecraft:lime_banner":1,"minecraft:short_grass":2,"minecraft:grass_block":45,"minecraft:cobblestone":4,"minecraft:spruce_leaves":11,"minecraft:sculk":4,"minecraft:pink_petals":8,"minecraft:iron_ore":2,"minecraft:spruce_log":33,"minecraft:cobblestone_slab":2,"minecraft:dirt":34,"minecraft:stone":106,"minecraft:oak_leaves":1,"minecraft:deepslate":1},"minecraft:killed_by":{"minecraft:stray":1,"minecraft:creeper":2},"minecraft:custom":{"minecraft:interact_with_furnace":2,"minecraft:mob_kills":4,"minecraft:interact_with_crafting_table":11,"minecraft:leave_game":1,"minecraft:time_since_death":2638,"minecraft:time_since_rest":2982,"minecraft:sprint_one_cm":75039,"minecraft:damage_taken":2918,"minecraft:walk_one_cm":128223,"minecraft:damage_blocked_by_shield":316,"minecraft:drop":25,"minecraft:damage_dealt":508,"minecraft:fly_one_cm":195643,"minecraft:open_chest":8,"minecraft:crouch_one_cm":6034,"minecraft:play_time":43352,"minecraft:deaths":11,"minecraft:sneak_time":1814,"minecraft:jump":842,"minecraft:walk_on_water_one_cm":462,"minecraft:total_world_time":43352,"minecraft:fall_one_cm":21395},"minecraft:killed":{"minecraft:skeleton":2,"minecraft:zombie":1,"minecraft:enderman":1},"minecraft:dropped":{"minecraft:gravel":3,"minecraft:spruce_sign":2,"minecraft:iron_ingot":1,"minecraft:stone_axe":1,"minecraft:cherry_log":3,"minecraft:stone_sword":1,"minecraft:crafting_table":1,"minecraft:dark_oak_sapling":32,"minecraft:yellow_concrete":6,"minecraft:raw_iron":10,"minecraft:stone_shovel":1,"minecraft:rotten_flesh":3,"minecraft:cobblestone":64,"minecraft:stick":6,"minecraft:cobblestone_slab":33,"minecraft:shield":1,"minecraft:gunpowder":1,"minecraft:spruce_planks":25,"minecraft:spruce_log":20,"minecraft:wooden_pickaxe":1,"minecraft:stone_pickaxe":1,"minecraft:bucket":2,"minecraft:spruce_sapling":3}},"DataVersion":3953}