{"stats":{"minecraft:dropped":{"minecraft:jungle_planks":4},"minecraft:custom":{"minecraft:time_since_rest":212,"minecraft:sprint_one_cm":102979,"minecraft:damage_taken":2127,"minecraft:walk_one_cm":54084,"minecraft:mob_kills":1,"minecraft:drop":1,"minecraft:damage_dealt":83,"minecraft:swim_one_cm":2908,"minecraft:talked_to_villager":4,"minecraft:fly_one_cm":148518,"minecraft:player_kills":1,"minecraft:open_chest":1,"minecraft:crouch_one_cm":13517,"minecraft:play_time":39186,"minecraft:deaths":9,"minecraft:sneak_time":5507,"minecraft:walk_under_water_one_cm":5844,"minecraft:jump":795,"minecraft:leave_game":3,"minecraft:time_since_death":187,"minecraft:walk_on_water_one_cm":2377,"minecraft:total_world_time":39186,"minecraft:climb_one_cm":1245,"minecraft:fall_one_cm":24113},"minecraft:killed_by":{"minecraft:player":1},"minecraft:used":{"minecraft:wheat_seeds":3,"minecraft:spruce_sapling":18,"minecraft:stone_axe":84,"minecraft:dirt":13,"minecraft:spruce_log":1},"minecraft:mined":{"minecraft:podzol":1,"minecraft:acacia_sapling":1,"minecraft:spruce_sapling":3,"minecraft:wheat":1,"minecraft:spruce_log":81,"minecraft:grass_block":2,"minecraft:jungle_planks":4,"minecraft:dirt":15,"minecraft:spruce_leaves":15},"minecraft:picked_up":{"minecraft:pink_petals":1,"minecraft:wheat":1,"minecraft:jungle_planks":4,"minecraft:spruce_sapling":5,"minecraft:spruce_log":84,"minecraft:dirt":17,"minecraft:wheat_seeds":4,"minecraft:rabbit":1,"minecraft:acacia_sapling":1},"minecraft:killed":{"minecraft:rabbit":1}},"DataVersion":3953}