{"stats":{"minecraft:crafted":{"minecraft:cherry_planks":36,"minecraft:wooden_sword":1,"minecraft:crafting_table":2,"minecraft:wooden_pickaxe":1,"minecraft:stone_axe":2,"minecraft:diamond_helmet":1,"minecraft:diamond_leggings":1,"minecraft:diamond_pickaxe":1,"minecraft:stick":12,"minecraft:stone_pickaxe":1,"minecraft:wooden_axe":1,"minecraft:acacia_planks":40,"minecraft:diamond_chestplate":1},"minecraft:picked_up":{"minecraft:pink_petals":27,"minecraft:crafting_table":6,"minecraft:blue_concrete":1,"minecraft:gunpowder":3,"minecraft:lapis_lazuli":25,"minecraft:dirt":51,"minecraft:string":2,"minecraft:acacia_planks":1,"minecraft:wheat_seeds":11,"minecraft:cobbled_deepslate":27,"minecraft:cherry_sign":1,"minecraft:poppy":65,"minecraft:moss_block":1,"minecraft:oak_planks":3,"minecraft:acacia_sapling":6,"minecraft:furnace":1,"minecraft:stick":1,"minecraft:raw_iron":1,"minecraft:acacia_fence":1,"minecraft:sweet_berries":11,"minecraft:yellow_concrete":1,"minecraft:lime_concrete":2,"minecraft:dandelion":2,"minecraft:acacia_log":10,"minecraft:sand":1,"minecraft:jungle_planks":2,"minecraft:cherry_log":98,"minecraft:carrot":1,"minecraft:redstone":22,"minecraft:spider_eye":1,"minecraft:diamond":29,"minecraft:polished_basalt":1,"minecraft:brown_banner":1,"minecraft:coal":4,"minecraft:cobblestone":209},"minecraft:used":{"minecraft:moss_block":1,"minecraft:stone_pickaxe":131,"minecraft:oak_planks":1,"minecraft:wooden_pickaxe":10,"minecraft:cherry_planks":17,"minecraft:dirt":48,"minecraft:crafting_table":5,"minecraft:yellow_concrete":1,"minecraft:acacia_sapling":2,"minecraft:wooden_axe":14,"minecraft:diamond_pickaxe":222,"minecraft:stone_axe":171,"minecraft:wooden_sword":57,"minecraft:cobblestone":200,"minecraft:sweet_berries":4,"minecraft:acacia_fence":1,"minecraft:cobbled_deepslate":27,"minecraft:acacia_planks":24},"minecraft:mined":{"minecraft:deepslate_redstone_ore":4,"minecraft:tuff":1,"minecraft:acacia_leaves":1,"minecraft:spruce_planks":1,"minecraft:soul_sand":1,"minecraft:deepslate_diamond_ore":27,"minecraft:sculk_vein":1,"minecraft:cherry_log":108,"minecraft:dandelion":3,"minecraft:crafting_table":5,"minecraft:lime_banner":1,"minecraft:short_grass":71,"minecraft:acacia_log":10,"minecraft:grass_block":4,"minecraft:poppy":14,"minecraft:infested_cobblestone":1,"minecraft:blue_concrete":1,"minecraft:magenta_concrete":2,"minecraft:sculk_sensor":3,"minecraft:tall_grass":48,"minecraft:cobblestone":13,"minecraft:lapis_ore":1,"minecraft:brown_banner":1,"minecraft:moss_block":1,"minecraft:oak_planks":3,"minecraft:sculk":8,"minecraft:pink_petals":8,"minecraft:seagrass":1,"minecraft:magenta_stained_glass_pane":1,"minecraft:redstone_ore":2,"minecraft:acacia_sapling":1,"minecraft:furnace":2,"minecraft:fire":1,"minecraft:iron_ore":1,"minecraft:sweet_berry_bush":7,"minecraft:purple_concrete":1,"minecraft:lime_concrete":2,"minecraft:deepslate_lapis_ore":3,"minecraft:yellow_stained_glass_pane":4,"minecraft:coal_ore":4,"minecraft:mycelium":1,"minecraft:cherry_leaves":10,"minecraft:acacia_fence":1,"minecraft:yellow_concrete":1,"minecraft:dirt":13,"minecraft:acacia_planks":2,"minecraft:stone":204,"minecraft:deepslate":60},"minecraft:killed_by":{"minecraft:player":5,"minecraft:skeleton":2},"minecraft:custom":{"minecraft:mob_kills":2,"minecraft:interact_with_crafting_table":9,"minecraft:open_barrel":2,"minecraft:leave_game":1,"minecraft:time_since_death":2382,"minecraft:time_since_rest":2438,"minecraft:sprint_one_cm":143400,"minecraft:damage_taken":8239,"minecraft:walk_one_cm":176893,"minecraft:drop":7,"minecraft:damage_dealt":2266,"minecraft:swim_one_cm":3133,"minecraft:talked_to_villager":1,"minecraft:fly_one_cm":244536,"minecraft:player_kills":8,"minecraft:open_chest":10,"minecraft:crouch_one_cm":43011,"minecraft:play_time":73413,"minecraft:deaths":32,"minecraft:sneak_time":14830,"minecraft:walk_under_water_one_cm":5021,"minecraft:jump":1362,"minecraft:walk_on_water_one_cm":3831,"minecraft:total_world_time":73413,"minecraft:fall_one_cm":40656},"minecraft:broken":{"minecraft:stone_pickaxe":1,"minecraft:wooden_sword":1,"minecraft:stone_axe":1},"minecraft:killed":{"minecraft:spider":1},"minecraft:dropped":{"minecraft:wheat_seeds":11,"minecraft:poppy":52,"minecraft:dirt":1,"minecraft:dandelion":2}},"DataVersion":3953}