{"stats":{"minecraft:custom":{"minecraft:jump":63,"minecraft:time_since_rest":486,"minecraft:leave_game":1,"minecraft:deaths":3,"minecraft:damage_dealt":26,"minecraft:sprint_one_cm":17135,"minecraft:play_time":3124,"minecraft:damage_taken":710,"minecraft:time_since_death":462,"minecraft:walk_one_cm":7445,"minecraft:climb_one_cm":108,"minecraft:total_world_time":3124,"minecraft:mob_kills":2,"minecraft:fall_one_cm":2171,"minecraft:fly_one_cm":23040},"minecraft:picked_up":{"minecraft:arrow":1,"minecraft:bone":2,"minecraft:moss_block":1},"minecraft:used":{"minecraft:moss_block":1},"minecraft:mined":{"minecraft:moss_block":3},"minecraft:killed":{"minecraft:slime":2}},"DataVersion":3953}