{"stats":{"minecraft:killed":{"minecraft:cave_spider":2,"minecraft:zombified_piglin":71,"minecraft:spider":8,"minecraft:slime":17,"minecraft:skeleton":10,"minecraft:silverfish":1,"minecraft:magma_cube":1,"minecraft:creeper":2,"minecraft:sheep":1,"minecraft:zombie":14,"minecraft:enderman":1},"minecraft:dropped":{"minecraft:bread":5,"minecraft:iron_ingot":1,"minecraft:shelter_pottery_sherd":1,"minecraft:lapis_lazuli":7,"minecraft:spore_blossom":1,"minecraft:cobblestone":12,"minecraft:sculk_vein":2,"minecraft:stick":6,"minecraft:cobblestone_stairs":2,"minecraft:acacia_sign":1,"minecraft:dirt":1,"minecraft:sculk":1,"minecraft:dark_oak_trapdoor":2,"minecraft:armadillo_scute":1,"minecraft:string":6,"minecraft:cobbled_deepslate":1,"minecraft:stone_sword":1,"minecraft:rotten_flesh":1,"minecraft:echo_shard":5,"minecraft:cobblestone_slab":2,"minecraft:potato":56,"minecraft:gunpowder":1,"minecraft:acacia_sapling":4,"minecraft:spider_eye":1,"minecraft:spruce_log":1,"minecraft:bow":2,"minecraft:wooden_pickaxe":1,"minecraft:stone_pickaxe":1,"minecraft:warped_wart_block":1,"minecraft:netherrack":4},"minecraft:custom":{"minecraft:mob_kills":132,"minecraft:interact_with_crafting_table":49,"minecraft:open_barrel":2,"minecraft:leave_game":6,"minecraft:time_since_death":3590,"minecraft:climb_one_cm":20344,"minecraft:sprint_one_cm":662830,"minecraft:walk_one_cm":485841,"minecraft:damage_blocked_by_shield":2405,"minecraft:drop":48,"minecraft:talked_to_villager":105,"minecraft:play_time":263415,"minecraft:deaths":47,"minecraft:sneak_time":16836,"minecraft:walk_under_water_one_cm":11514,"minecraft:boat_one_cm":1564,"minecraft:jump":5185,"minecraft:walk_on_water_one_cm":10833,"minecraft:total_world_time":263415,"minecraft:interact_with_furnace":175,"minecraft:traded_with_villager":49,"minecraft:time_since_rest":3622,"minecraft:damage_taken":16266,"minecraft:damage_dealt":25327,"minecraft:player_kills":7,"minecraft:swim_one_cm":10522,"minecraft:fly_one_cm":1154015,"minecraft:open_chest":46,"minecraft:crouch_one_cm":60601,"minecraft:fall_one_cm":134195},"minecraft:killed_by":{"minecraft:ghast":1,"minecraft:player":5,"minecraft:zombified_piglin":4,"minecraft:creeper":1,"minecraft:spider":1,"minecraft:enderman":1,"minecraft:magma_cube":1,"minecraft:silverfish":1,"minecraft:skeleton":2,"minecraft:zombie":4},"minecraft:crafted":{"minecraft:oak_planks":160,"minecraft:coal":14,"minecraft:stone_shovel":1,"minecraft:furnace":6,"minecraft:stone":125,"minecraft:cobblestone_stairs":4,"minecraft:hopper":1,"minecraft:iron_boots":1,"minecraft:raw_copper":12,"minecraft:spruce_slab":64,"minecraft:stone_pickaxe":3,"minecraft:chest":3,"minecraft:emerald":16,"minecraft:crafting_table":2,"minecraft:spruce_planks":184,"minecraft:acacia_slab":12,"minecraft:wooden_pickaxe":1,"minecraft:iron_helmet":1,"minecraft:baked_potato":44,"minecraft:iron_sword":2,"minecraft:bucket":1,"minecraft:stone_axe":2,"minecraft:bread":60,"minecraft:air":0,"minecraft:oak_log":8,"minecraft:iron_chestplate":1,"minecraft:charcoal":51,"minecraft:gold_nugget":22,"minecraft:shield":1,"minecraft:raw_gold":12,"minecraft:stick":32,"minecraft:iron_ingot":98,"minecraft:iron_pickaxe":4,"minecraft:stone_sword":1,"minecraft:iron_leggings":1,"minecraft:stonecutter":1,"minecraft:composter":1,"minecraft:acacia_planks":52,"minecraft:torch":4},"minecraft:used":{"minecraft:cherry_sapling":1,"minecraft:stone_sword":73,"minecraft:spruce_slab":67,"minecraft:stone_shovel":98,"minecraft:chest":2,"minecraft:decorated_pot":2,"minecraft:spruce_planks":46,"minecraft:shield":61,"minecraft:stone":17,"minecraft:iron_sword":361,"minecraft:torch":7,"minecraft:soul_sand":1,"minecraft:dirt":37,"minecraft:hopper":2,"minecraft:tuff":1,"minecraft:lava_bucket":11,"minecraft:acacia_slab":12,"minecraft:barrel":1,"minecraft:bow":2,"minecraft:sweet_berries":1,"minecraft:furnace":15,"minecraft:potato":141,"minecraft:cobbled_deepslate":4,"minecraft:acacia_planks":15,"minecraft:water_bucket":16,"minecraft:cobblestone_stairs":4,"minecraft:stone_pickaxe":277,"minecraft:baked_potato":24,"minecraft:oak_planks":92,"minecraft:wooden_pickaxe":6,"minecraft:composter":8,"minecraft:stonecutter":1,"minecraft:sugar_cane":20,"minecraft:cobblestone_slab":7,"minecraft:dark_oak_trapdoor":1,"minecraft:terracotta":1,"minecraft:crafting_table":13,"minecraft:cyan_glazed_terracotta":1,"minecraft:spruce_log":1,"minecraft:bread":55,"minecraft:iron_pickaxe":657,"minecraft:stone_axe":206,"minecraft:cobblestone":56,"minecraft:bucket":28},"minecraft:mined":{"minecraft:diamond_ore":2,"minecraft:tuff":1,"minecraft:spruce_planks":16,"minecraft:cobblestone_stairs":2,"minecraft:sculk_vein":6,"minecraft:glow_lichen":1,"minecraft:acacia_log":13,"minecraft:grass_block":1,"minecraft:infested_cobblestone":1,"minecraft:decorated_pot":1,"minecraft:kelp":3,"minecraft:spruce_leaves":1,"minecraft:acacia_slab":7,"minecraft:hopper":1,"minecraft:composter":7,"minecraft:moss_block":2,"minecraft:furnace":14,"minecraft:dark_oak_trapdoor":3,"minecraft:cobbled_deepslate":2,"minecraft:barrel":1,"minecraft:deepslate_lapis_ore":1,"minecraft:potatoes":72,"minecraft:cobblestone_slab":4,"minecraft:stone":204,"minecraft:spruce_slab":1,"minecraft:acacia_leaves":1,"minecraft:soul_sand":1,"minecraft:cornflower":1,"minecraft:crafting_table":12,"minecraft:clay":99,"minecraft:short_grass":1,"minecraft:warped_roots":2,"minecraft:sculk_sensor":1,"minecraft:cobblestone":573,"minecraft:lapis_ore":2,"minecraft:sugar_cane":11,"minecraft:sculk":150,"minecraft:warped_wart_block":1,"minecraft:spruce_log":99,"minecraft:coal_ore":5,"minecraft:dirt":7,"minecraft:acacia_planks":5,"minecraft:netherrack":6,"minecraft:oak_leaves":2,"minecraft:deepslate":4,"minecraft:infested_stone":1},"minecraft:broken":{"minecraft:leather_helmet":1,"minecraft:stone_pickaxe":1,"minecraft:leather_boots":1,"minecraft:stone_axe":1,"minecraft:iron_sword":1,"minecraft:iron_pickaxe":2},"minecraft:picked_up":{"minecraft:charcoal":67,"minecraft:shelter_pottery_sherd":1,"minecraft:crafting_table":11,"minecraft:clay_ball":388,"minecraft:golden_sword":2,"minecraft:dark_oak_trapdoor":3,"minecraft:string":6,"minecraft:gold_nugget":36,"minecraft:cobbled_deepslate":5,"minecraft:spruce_planks":38,"minecraft:acacia_sign":1,"minecraft:cobblestone_slab":9,"minecraft:spruce_slab":3,"minecraft:sugar_cane":20,"minecraft:furnace":14,"minecraft:stick":1,"minecraft:stone":30,"minecraft:composter":7,"minecraft:torch":3,"minecraft:acacia_log":13,"minecraft:cyan_glazed_terracotta":1,"minecraft:arrow":16,"minecraft:rotten_flesh":54,"minecraft:decorated_pot":2,"minecraft:armadillo_scute":1,"minecraft:gold_ingot":2,"minecraft:white_wool":1,"minecraft:cobblestone":423,"minecraft:potato":262,"minecraft:tuff":1,"minecraft:dirt":41,"minecraft:cobblestone_stairs":2,"minecraft:gunpowder":1,"minecraft:lapis_lazuli":7,"minecraft:leather_boots":1,"minecraft:bone":12,"minecraft:acacia_planks":6,"minecraft:kelp":3,"minecraft:bow":2,"minecraft:spore_blossom":1,"minecraft:iron_ingot":1,"minecraft:moss_block":3,"minecraft:soul_sand":1,"minecraft:acacia_sapling":4,"minecraft:oak_planks":37,"minecraft:sweet_berries":1,"minecraft:warped_wart_block":1,"minecraft:spruce_log":99,"minecraft:barrel":1,"minecraft:spider_eye":2,"minecraft:leather_helmet":1,"minecraft:slime_ball":13,"minecraft:diamond":2,"minecraft:stone_axe":1,"minecraft:terracotta":1,"minecraft:baked_potato":2,"minecraft:acacia_slab":9,"minecraft:netherrack":6,"minecraft:coal":5,"minecraft:hopper":1}},"DataVersion":3953}