{"stats":{"minecraft:custom":{"minecraft:interact_with_furnace":4,"minecraft:mob_kills":11,"minecraft:interact_with_crafting_table":10,"minecraft:open_barrel":2,"minecraft:leave_game":1,"minecraft:time_since_death":0,"minecraft:climb_one_cm":2738,"minecraft:time_since_rest":95,"minecraft:sprint_one_cm":101067,"minecraft:damage_taken":3901,"minecraft:walk_one_cm":217693,"minecraft:drop":5,"minecraft:damage_dealt":2506,"minecraft:talked_to_villager":7,"minecraft:fly_one_cm":120592,"minecraft:player_kills":3,"minecraft:open_chest":4,"minecraft:crouch_one_cm":4230,"minecraft:play_time":50959,"minecraft:deaths":13,"minecraft:sneak_time":1978,"minecraft:walk_under_water_one_cm":1161,"minecraft:jump":922,"minecraft:walk_on_water_one_cm":2183,"minecraft:total_world_time":50959,"minecraft:fall_one_cm":27344},"minecraft:killed_by":{"minecraft:piglin":3,"minecraft:player":1,"minecraft:skeleton":2,"minecraft:zombie":2},"minecraft:used":{"minecraft:stone_sword":42,"minecraft:spruce_slab":45,"minecraft:stone_pickaxe":14,"minecraft:spruce_planks":49,"minecraft:wooden_pickaxe":6,"minecraft:cherry_planks":18,"minecraft:cobblestone_slab":2,"minecraft:rotten_flesh":19,"minecraft:glow_berries":1,"minecraft:dirt":5,"minecraft:crafting_table":4,"minecraft:diamond_pickaxe":12,"minecraft:stone_axe":111,"minecraft:diamond_sword":15,"minecraft:cobblestone":3,"minecraft:furnace":1,"minecraft:potato":11},"minecraft:picked_up":{"minecraft:crafting_table":3,"minecraft:cherry_planks":1,"minecraft:potato":223,"minecraft:cornflower":1,"minecraft:dirt":5,"minecraft:bone":10,"minecraft:bow":2,"minecraft:wheat_seeds":8,"minecraft:cobbled_deepslate":1,"minecraft:raw_gold":1,"minecraft:spruce_planks":11,"minecraft:iron_ingot":6,"minecraft:cobblestone_slab":2,"minecraft:spruce_slab":20,"minecraft:chest":1,"minecraft:oak_planks":1,"minecraft:furnace":1,"minecraft:oak_slab":4,"minecraft:stick":7,"minecraft:torch":11,"minecraft:quartz":7,"minecraft:poisonous_potato":3,"minecraft:spruce_fence":2,"minecraft:cherry_log":7,"minecraft:spruce_sapling":1,"minecraft:spruce_log":56,"minecraft:lily_of_the_valley":2,"minecraft:arrow":3,"minecraft:rotten_flesh":21,"minecraft:diamond":7,"minecraft:gold_ingot":6,"minecraft:baked_potato":2,"minecraft:obsidian":1,"minecraft:dark_oak_fence":1,"minecraft:cobblestone":24},"minecraft:mined":{"minecraft:oak_slab":4,"minecraft:spruce_planks":12,"minecraft:cherry_planks":1,"minecraft:cherry_log":7,"minecraft:obsidian":1,"minecraft:crafting_table":3,"minecraft:dark_oak_fence":1,"minecraft:grass_block":2,"minecraft:chest":1,"minecraft:tall_grass":1,"minecraft:cobblestone":1,"minecraft:spruce_leaves":3,"minecraft:oak_planks":1,"minecraft:wall_torch":1,"minecraft:furnace":1,"minecraft:spruce_log":55,"minecraft:potatoes":66,"minecraft:cobblestone_slab":2,"minecraft:cherry_leaves":4,"minecraft:gravel":1,"minecraft:dirt":3,"minecraft:stone":25,"minecraft:spruce_slab":23,"minecraft:deepslate":1},"minecraft:crafted":{"minecraft:cherry_planks":28,"minecraft:diamond_sword":1,"minecraft:crafting_table":1,"minecraft:spruce_planks":128,"minecraft:wooden_pickaxe":1,"minecraft:furnace":1,"minecraft:stone_axe":1,"minecraft:diamond_pickaxe":1,"minecraft:spruce_slab":42,"minecraft:stick":8,"minecraft:stone_pickaxe":1,"minecraft:stone_sword":1,"minecraft:golden_boots":1},"minecraft:killed":{"minecraft:zombie":10},"minecraft:dropped":{"minecraft:iron_ingot":1,"minecraft:stone_sword":1,"minecraft:cobbled_deepslate":1,"minecraft:bow":1,"minecraft:stone_pickaxe":1}},"DataVersion":3953}