{"stats":{"minecraft:crafted":{"minecraft:cherry_planks":4,"minecraft:acacia_planks":36},"minecraft:picked_up":{"minecraft:crafting_table":1,"minecraft:pink_petals":5,"minecraft:acacia_planks":3,"minecraft:acacia_log":9,"minecraft:cherry_log":1,"minecraft:cobblestone":14},"minecraft:used":{"minecraft:stone_axe":35,"minecraft:pink_petals":4,"minecraft:cobblestone":14,"minecraft:stone_pickaxe":24,"minecraft:acacia_planks":37},"minecraft:mined":{"minecraft:acacia_log":9,"minecraft:acacia_leaves":2,"minecraft:cobblestone":2,"minecraft:acacia_planks":4,"minecraft:stone":12,"minecraft:crafting_table":1},"minecraft:killed_by":{"minecraft:player":3},"minecraft:custom":{"minecraft:open_chest":1,"minecraft:time_since_rest":849,"minecraft:crouch_one_cm":6818,"minecraft:sprint_one_cm":63871,"minecraft:play_time":30943,"minecraft:damage_taken":4773,"minecraft:walk_one_cm":56759,"minecraft:deaths":19,"minecraft:sneak_time":1707,"minecraft:walk_under_water_one_cm":506,"minecraft:jump":468,"minecraft:damage_dealt":1949,"minecraft:leave_game":2,"minecraft:time_since_death":802,"minecraft:walk_on_water_one_cm":2404,"minecraft:climb_one_cm":232,"minecraft:total_world_time":30943,"minecraft:swim_one_cm":912,"minecraft:fall_one_cm":20893,"minecraft:fly_one_cm":73837,"minecraft:player_kills":5},"minecraft:broken":{"minecraft:stone_axe":1}},"DataVersion":3953}