{"stats":{"minecraft:dropped":{"minecraft:dirt":8,"minecraft:pink_petals":2},"minecraft:custom":{"minecraft:open_barrel":2,"minecraft:time_since_rest":4648,"minecraft:open_chest":3,"minecraft:crouch_one_cm":313,"minecraft:play_time":29221,"minecraft:sprint_one_cm":45579,"minecraft:damage_taken":1797,"minecraft:walk_one_cm":54236,"minecraft:deaths":7,"minecraft:sneak_time":247,"minecraft:walk_under_water_one_cm":3108,"minecraft:drop":2,"minecraft:jump":233,"minecraft:interact_with_stonecutter":1,"minecraft:damage_dealt":474,"minecraft:leave_game":3,"minecraft:walk_on_water_one_cm":424,"minecraft:time_since_death":4620,"minecraft:climb_one_cm":1053,"minecraft:total_world_time":29221,"minecraft:interact_with_crafting_table":2,"minecraft:fall_one_cm":4830,"minecraft:fly_one_cm":52952,"minecraft:player_kills":2},"minecraft:killed_by":{"minecraft:zombie":1,"minecraft:player":3},"minecraft:crafted":{"minecraft:spruce_planks":4,"minecraft:stick":8,"minecraft:stone_pickaxe":1,"minecraft:stone_sword":1},"minecraft:used":{"minecraft:stone_sword":15,"minecraft:dirt":2,"minecraft:wooden_pickaxe":14},"minecraft:mined":{"minecraft:dirt":1,"minecraft:cobblestone":14},"minecraft:picked_up":{"minecraft:pink_petals":2,"minecraft:dirt":1,"minecraft:cobblestone":10}},"DataVersion":3953}