{"stats":{"minecraft:custom":{"minecraft:jump":291,"minecraft:time_since_rest":661,"minecraft:damage_dealt":1212,"minecraft:damage_taken":12239,"minecraft:leave_game":8,"minecraft:sprint_one_cm":875,"minecraft:play_time":17023,"minecraft:walk_one_cm":112987,"minecraft:time_since_death":609,"minecraft:deaths":21,"minecraft:sneak_time":35,"minecraft:total_world_time":17023,"minecraft:mob_kills":2,"minecraft:player_kills":1,"minecraft:talked_to_villager":1,"minecraft:fall_one_cm":74341,"minecraft:fly_one_cm":12878},"minecraft:killed_by":{"minecraft:player":12},"minecraft:picked_up":{"minecraft:oak_wood":1,"minecraft:dark_oak_fence":1,"minecraft:string":1},"minecraft:used":{"minecraft:dark_oak_fence":1},"minecraft:killed":{"minecraft:spider":1}},"DataVersion":3953}