{"stats":{"minecraft:custom":{"minecraft:mob_kills":16,"minecraft:interact_with_crafting_table":25,"minecraft:open_barrel":1,"minecraft:leave_game":4,"minecraft:time_since_death":1558,"minecraft:sprint_one_cm":276599,"minecraft:walk_one_cm":140690,"minecraft:drop":18,"minecraft:talked_to_villager":5,"minecraft:play_time":110211,"minecraft:sneak_time":18821,"minecraft:deaths":37,"minecraft:walk_under_water_one_cm":27768,"minecraft:boat_one_cm":9247,"minecraft:jump":2121,"minecraft:walk_on_water_one_cm":17298,"minecraft:enchant_item":5,"minecraft:total_world_time":110211,"minecraft:interact_with_furnace":16,"minecraft:traded_with_villager":1,"minecraft:time_since_rest":1584,"minecraft:damage_taken":9954,"minecraft:damage_dealt":4217,"minecraft:swim_one_cm":3313,"minecraft:fly_one_cm":398504,"minecraft:player_kills":2,"minecraft:open_chest":44,"minecraft:crouch_one_cm":69347,"minecraft:fall_one_cm":82303,"minecraft:use_cauldron":1},"minecraft:killed_by":{"minecraft:player":2,"minecraft:creeper":1,"minecraft:hoglin":1,"minecraft:skeleton":1},"minecraft:picked_up":{"minecraft:crafting_table":3,"minecraft:lead":16,"minecraft:diamond_sword":1,"minecraft:cobbled_deepslate":83,"minecraft:spruce_planks":9,"minecraft:cobblestone_slab":5,"minecraft:azalea":1,"minecraft:spruce_slab":9,"minecraft:sugar_cane":42,"minecraft:furnace":1,"minecraft:raw_iron":5,"minecraft:end_stone":38,"minecraft:porkchop":2,"minecraft:cherry_log":7,"minecraft:pointed_dripstone":3,"minecraft:redstone":9,"minecraft:arrow":3,"minecraft:rotten_flesh":1,"minecraft:decorated_pot":1,"minecraft:obsidian":4,"minecraft:cobblestone":109,"minecraft:pink_petals":2,"minecraft:basalt":3,"minecraft:cherry_planks":1,"minecraft:leather":1,"minecraft:potato":152,"minecraft:ancient_debris":1,"minecraft:tuff":4,"minecraft:lapis_lazuli":47,"minecraft:nether_wart_block":1,"minecraft:acacia_boat":2,"minecraft:dirt":6,"minecraft:bone":5,"minecraft:wheat_seeds":2,"minecraft:moss_block":4,"minecraft:oak_planks":1,"minecraft:yellow_concrete":1,"minecraft:quartz":3,"minecraft:poisonous_potato":1,"minecraft:gravel":7,"minecraft:spruce_log":1,"minecraft:slime_ball":2,"minecraft:diamond":23,"minecraft:crossbow":1,"minecraft:netherrack":59,"minecraft:coal":3,"minecraft:ender_pearl":1},"minecraft:used":{"minecraft:azalea":1,"minecraft:moss_block":4,"minecraft:enchanting_table":1,"minecraft:spruce_slab":9,"minecraft:chest":1,"minecraft:decorated_pot":1,"minecraft:spruce_planks":9,"minecraft:stone":3,"minecraft:rotten_flesh":1,"minecraft:netherrack":99,"minecraft:iron_chestplate":1,"minecraft:torch":2,"minecraft:dirt":6,"minecraft:tuff":4,"minecraft:spruce_boat":1,"minecraft:lava_bucket":2,"minecraft:basalt":3,"minecraft:furnace":1,"minecraft:potato":69,"minecraft:cobbled_deepslate":75,"minecraft:pointed_dripstone":4,"minecraft:acacia_boat":3,"minecraft:water_bucket":79,"minecraft:stone_pickaxe":29,"minecraft:oak_planks":1,"minecraft:baked_potato":13,"minecraft:wooden_pickaxe":11,"minecraft:cherry_planks":10,"minecraft:cauldron":1,"minecraft:diamond_axe":22,"minecraft:sugar_cane":12,"minecraft:cobblestone_slab":5,"minecraft:crafting_table":4,"minecraft:yellow_concrete":1,"minecraft:end_stone":1,"minecraft:diamond_pickaxe":281,"minecraft:diamond_shovel":9,"minecraft:iron_pickaxe":58,"minecraft:gravel":4,"minecraft:stone_axe":19,"minecraft:nether_wart_block":1,"minecraft:diamond_sword":49,"minecraft:fire_charge":1,"minecraft:cobblestone":107,"minecraft:bucket":82,"minecraft:bone_meal":4},"minecraft:mined":{"minecraft:tuff":4,"minecraft:spruce_planks":9,"minecraft:deepslate_diamond_ore":25,"minecraft:cherry_log":7,"minecraft:sculk_vein":5,"minecraft:end_stone":39,"minecraft:obsidian":4,"minecraft:decorated_pot":1,"minecraft:moss_block":4,"minecraft:tall_seagrass":2,"minecraft:furnace":1,"minecraft:fire":7,"minecraft:deepslate_lapis_ore":7,"minecraft:pointed_dripstone":3,"minecraft:potatoes":67,"minecraft:deepslate_iron_ore":5,"minecraft:cobblestone_slab":3,"minecraft:azalea":1,"minecraft:stone":21,"minecraft:spruce_slab":6,"minecraft:deepslate_redstone_ore":2,"minecraft:cherry_planks":1,"minecraft:crimson_nylium":2,"minecraft:basalt":3,"minecraft:crafting_table":3,"minecraft:short_grass":2,"minecraft:nether_quartz_ore":3,"minecraft:tall_grass":2,"minecraft:cobblestone":102,"minecraft:sugar_cane":29,"minecraft:oak_planks":1,"minecraft:sculk":6,"minecraft:seagrass":1,"minecraft:nether_wart_block":1,"minecraft:spruce_log":1,"minecraft:coal_ore":2,"minecraft:cherry_leaves":1,"minecraft:end_rod":1,"minecraft:gravel":7,"minecraft:yellow_concrete":1,"minecraft:dirt":11,"minecraft:ancient_debris":1,"minecraft:netherrack":52,"minecraft:deepslate":86},"minecraft:crafted":{"minecraft:cherry_planks":28,"minecraft:furnace":1,"minecraft:stone":44,"minecraft:bone_meal":6,"minecraft:diamond_shovel":1,"minecraft:iron_boots":1,"minecraft:stone_pickaxe":1,"minecraft:chest":1,"minecraft:lead":4,"minecraft:diamond_sword":1,"minecraft:cauldron":1,"minecraft:diamond_axe":1,"minecraft:crafting_table":1,"minecraft:enchanting_table":1,"minecraft:spruce_planks":4,"minecraft:iron_helmet":1,"minecraft:wooden_pickaxe":1,"minecraft:baked_potato":13,"minecraft:bucket":2,"minecraft:stone_axe":1,"minecraft:air":0,"minecraft:book":1,"minecraft:iron_chestplate":1,"minecraft:paper":30,"minecraft:diamond_pickaxe":1,"minecraft:stick":16,"minecraft:iron_pickaxe":1,"minecraft:iron_ingot":35,"minecraft:iron_leggings":1},"minecraft:killed":{"minecraft:slime":4,"minecraft:skeleton":3,"minecraft:piglin":4,"minecraft:hoglin":1,"minecraft:creeper":2,"minecraft:zombie":1,"minecraft:enderman":1},"minecraft:dropped":{"minecraft:porkchop":2,"minecraft:wheat_seeds":2,"minecraft:diamond":8,"minecraft:poisonous_potato":1,"minecraft:crossbow":1,"minecraft:cobblestone":5,"minecraft:pink_petals":2,"minecraft:cobbled_deepslate":2,"minecraft:stone_pickaxe":1}},"DataVersion":3953}