{"stats":{"minecraft:killed":{"minecraft:zombified_piglin":43,"minecraft:spider":5,"minecraft:skeleton":11,"minecraft:magma_cube":69,"minecraft:piglin":1,"minecraft:pig":1,"minecraft:creeper":4,"minecraft:sheep":1,"minecraft:zombie":23,"minecraft:mooshroom":55,"minecraft:ghast":2,"minecraft:stray":1,"minecraft:blaze":25,"minecraft:cow":1,"minecraft:slime":3,"minecraft:husk":1,"minecraft:wither_skeleton":1,"minecraft:enderman":116},"minecraft:dropped":{"minecraft:warped_fungus":1,"minecraft:cooked_beef":21,"minecraft:baked_potato":1,"minecraft:ender_pearl":5,"minecraft:diamond":22,"minecraft:crafting_table":1,"minecraft:decorated_pot":1,"minecraft:warped_roots":4,"minecraft:archer_pottery_sherd":1,"minecraft:dirt":10,"minecraft:mutton":2,"minecraft:crimson_roots":2,"minecraft:gold_nugget":13,"minecraft:sand":2,"minecraft:acacia_door":1,"minecraft:fishing_rod":1,"minecraft:danger_pottery_sherd":3,"minecraft:gold_ingot":1,"minecraft:bone":7,"minecraft:crimson_fungus":1,"minecraft:prize_pottery_sherd":1,"minecraft:twisting_vines":2,"minecraft:wheat":2,"minecraft:cherry_sapling":1,"minecraft:rotten_flesh":74,"minecraft:end_stone":10,"minecraft:carrot":2,"minecraft:gunpowder":1,"minecraft:acacia_sapling":3,"minecraft:spruce_slab":7,"minecraft:basalt":12,"minecraft:crying_obsidian":1,"minecraft:acacia_fence":3,"minecraft:netherrack":2,"minecraft:bread":1,"minecraft:iron_ingot":21,"minecraft:wheat_seeds":11,"minecraft:shelter_pottery_sherd":1,"minecraft:poisonous_potato":1,"minecraft:cobblestone":6,"minecraft:amethyst_block":9,"minecraft:burn_pottery_sherd":2,"minecraft:acacia_log":3,"minecraft:nether_wart_block":1,"minecraft:cherry_planks":1,"minecraft:crimson_sign":1,"minecraft:iron_axe":2,"minecraft:mud":1,"minecraft:string":3,"minecraft:pink_petals":14,"minecraft:lily_pad":3,"minecraft:acacia_planks":3,"minecraft:spruce_sapling":5,"minecraft:smooth_basalt":4,"minecraft:kelp":2,"minecraft:stone_sword":2,"minecraft:raw_copper":3,"minecraft:tuff":5,"minecraft:light_gray_wool":2,"minecraft:nether_bricks":3,"minecraft:cobblestone_slab":12,"minecraft:potato":19,"minecraft:spruce_planks":4,"minecraft:howl_pottery_sherd":1,"minecraft:andesite":1,"minecraft:wooden_pickaxe":1,"minecraft:raw_gold":1,"minecraft:magma_cream":1},"minecraft:custom":{"minecraft:animals_bred":13,"minecraft:interact_with_crafting_table":140,"minecraft:open_barrel":13,"minecraft:leave_game":6,"minecraft:time_since_death":34075,"minecraft:sprint_one_cm":2055792,"minecraft:damage_blocked_by_shield":6698,"minecraft:drop":166,"minecraft:talked_to_villager":149,"minecraft:play_time":931110,"minecraft:deaths":123,"minecraft:jump":11487,"minecraft:walk_on_water_one_cm":44667,"minecraft:interact_with_furnace":303,"minecraft:traded_with_villager":138,"minecraft:sleep_in_bed":2,"minecraft:damage_dealt":73592,"minecraft:player_kills":2,"minecraft:crouch_one_cm":177401,"minecraft:interact_with_smoker":4,"minecraft:use_cauldron":11,"minecraft:interact_with_smithing_table":3,"minecraft:mob_kills":372,"minecraft:fill_cauldron":2,"minecraft:climb_one_cm":7385,"minecraft:walk_one_cm":2855232,"minecraft:sneak_time":52532,"minecraft:walk_under_water_one_cm":33230,"minecraft:boat_one_cm":13530,"minecraft:interact_with_blast_furnace":2,"minecraft:total_world_time":931110,"minecraft:interact_with_stonecutter":5,"minecraft:time_since_rest":34105,"minecraft:damage_taken":56495,"minecraft:swim_one_cm":26786,"minecraft:fly_one_cm":2082227,"minecraft:open_chest":461,"minecraft:fall_one_cm":457772},"minecraft:killed_by":{"minecraft:wither_skeleton":2,"minecraft:blaze":1,"minecraft:zombie":1,"minecraft:player":3,"minecraft:stray":1,"minecraft:enderman":1},"minecraft:crafted":{"minecraft:smooth_stone":6,"minecraft:cobblestone_slab":742,"minecraft:stone":282,"minecraft:bookshelf":9,"minecraft:warped_planks":20,"minecraft:glass":29,"minecraft:bow":1,"minecraft:iron_boots":3,"minecraft:chest":5,"minecraft:prismarine_shard":24,"minecraft:stone_hoe":1,"minecraft:prismarine_crystals":32,"minecraft:golden_boots":1,"minecraft:smoker":1,"minecraft:glass_bottle":15,"minecraft:arrow":80,"minecraft:emerald":107,"minecraft:cauldron":3,"minecraft:cooked_porkchop":2,"minecraft:diamond_axe":1,"minecraft:crafting_table":4,"minecraft:spruce_planks":3112,"minecraft:iron_helmet":3,"minecraft:spruce_door":3,"minecraft:smithing_table":1,"minecraft:copper_ingot":4,"minecraft:spruce_trapdoor":2,"minecraft:iron_chestplate":3,"minecraft:book":28,"minecraft:paper":84,"minecraft:diamond_pickaxe":2,"minecraft:shield":4,"minecraft:stick":5040,"minecraft:iron_ingot":216,"minecraft:iron_pickaxe":5,"minecraft:stone_sword":3,"minecraft:gold_ingot":61,"minecraft:spruce_fence_gate":1,"minecraft:cherry_planks":44,"minecraft:stone_shovel":1,"minecraft:spyglass":1,"minecraft:furnace":6,"minecraft:blast_furnace":1,"minecraft:spruce_fence":96,"minecraft:diamond":8,"minecraft:iron_axe":5,"minecraft:ladder":6,"minecraft:iron_hoe":1,"minecraft:stone_pickaxe":3,"minecraft:spruce_boat":2,"minecraft:cooked_beef":106,"minecraft:sugar":21,"minecraft:crimson_planks":84,"minecraft:spruce_sign":3,"minecraft:enchanting_table":1,"minecraft:villager_spawn_egg":1,"minecraft:bucket":6,"minecraft:stone_axe":2,"minecraft:air":0,"minecraft:gold_nugget":81,"minecraft:iron_shovel":2,"minecraft:iron_leggings":3,"minecraft:stonecutter":1,"minecraft:acacia_planks":68,"minecraft:torch":4},"minecraft:used":{"minecraft:nether_brick_fence":4,"minecraft:iron_shovel":145,"minecraft:ladder":8,"minecraft:decorated_pot":4,"minecraft:chest":11,"minecraft:shield":108,"minecraft:stone":9,"minecraft:rotten_flesh":19,"minecraft:nether_bricks":12,"minecraft:carrot":102,"minecraft:acacia_sapling":15,"minecraft:snowball":7,"minecraft:spruce_boat":33,"minecraft:glass":9,"minecraft:lava_bucket":35,"minecraft:villager_spawn_egg":1,"minecraft:warped_nylium":1,"minecraft:bow":29,"minecraft:furnace":10,"minecraft:acacia_fence":1,"minecraft:gray_banner":1,"minecraft:potato":14,"minecraft:spruce_door":2,"minecraft:chorus_fruit":11,"minecraft:stone_pickaxe":285,"minecraft:blackstone":8,"minecraft:diamond_axe":600,"minecraft:sugar_cane":62,"minecraft:sand":3,"minecraft:blast_furnace":2,"minecraft:light_gray_terracotta":2,"minecraft:crossbow":57,"minecraft:end_stone":48,"minecraft:acacia_door":1,"minecraft:cherry_sign":2,"minecraft:nether_wart_block":6,"minecraft:smithing_table":1,"minecraft:air":11,"minecraft:oak_fence":2,"minecraft:stone_sword":287,"minecraft:acacia_log":4,"minecraft:stone_shovel":80,"minecraft:spruce_planks":359,"minecraft:stone_hoe":87,"minecraft:netherrack":193,"minecraft:torch":12,"minecraft:dirt":250,"minecraft:spyglass":261,"minecraft:spruce_fence":132,"minecraft:shroomlight":1,"minecraft:iron_hoe":250,"minecraft:iron_axe":803,"minecraft:acacia_slab":3,"minecraft:smooth_basalt":6,"minecraft:basalt":51,"minecraft:cooked_beef":65,"minecraft:acacia_planks":7,"minecraft:pointed_dripstone":17,"minecraft:crimson_stem":12,"minecraft:calcite":1,"minecraft:wheat_seeds":44,"minecraft:water_bucket":98,"minecraft:yellow_banner":1,"minecraft:amethyst_block":10,"minecraft:glass_bottle":11,"minecraft:cauldron":9,"minecraft:spruce_sign":3,"minecraft:fletching_table":4,"minecraft:stonecutter":1,"minecraft:cobblestone_slab":1221,"minecraft:spruce_fence_gate":1,"minecraft:warped_roots":1,"minecraft:mossy_cobblestone":2,"minecraft:rail":1,"minecraft:terracotta":2,"minecraft:crafting_table":22,"minecraft:red_mushroom":1,"minecraft:white_bed":1,"minecraft:smoker":2,"minecraft:spruce_log":9,"minecraft:diamond_pickaxe":728,"minecraft:acacia_sign":1,"minecraft:iron_pickaxe":1227,"minecraft:spruce_trapdoor":2,"minecraft:spruce_sapling":48,"minecraft:stone_axe":318,"minecraft:cobblestone":539,"minecraft:potion":11,"minecraft:cooked_porkchop":2,"minecraft:bucket":139},"minecraft:broken":{"minecraft:golden_boots":1,"minecraft:leather_leggings":1,"minecraft:stone_pickaxe":1,"minecraft:stone_axe":3,"minecraft:iron_hoe":1,"minecraft:stone_sword":1,"minecraft:stone_hoe":1,"minecraft:shield":1,"minecraft:iron_axe":4,"minecraft:iron_pickaxe":5,"minecraft:iron_helmet":1},"minecraft:mined":{"minecraft:dark_oak_planks":2,"minecraft:spruce_planks":48,"minecraft:white_bed":1,"minecraft:orange_stained_glass":2,"minecraft:obsidian":18,"minecraft:spruce_trapdoor":1,"minecraft:budding_amethyst":10,"minecraft:acacia_log":45,"minecraft:grass_block":97,"minecraft:infested_cobblestone":1,"minecraft:gray_banner":1,"minecraft:oxeye_daisy":1,"minecraft:weeping_vines_plant":1,"minecraft:fire":11,"minecraft:fletching_table":4,"minecraft:green_stained_glass":1,"minecraft:pointed_dripstone":6,"minecraft:small_amethyst_bud":3,"minecraft:spruce_slab":2,"minecraft:blackstone":8,"minecraft:smoker":1,"minecraft:crimson_nylium":11,"minecraft:medium_amethyst_bud":1,"minecraft:amethyst_cluster":20,"minecraft:light_gray_terracotta":2,"minecraft:clay":80,"minecraft:torch":7,"minecraft:blast_furnace":1,"minecraft:calcite":1,"minecraft:chest":5,"minecraft:spruce_wall_sign":1,"minecraft:nether_quartz_ore":12,"minecraft:cobblestone":1004,"minecraft:sugar_cane":140,"minecraft:wall_torch":1,"minecraft:amethyst_block":11,"minecraft:cauldron":5,"minecraft:seagrass":4,"minecraft:warped_nylium":34,"minecraft:acacia_sapling":5,"minecraft:nether_wart_block":7,"minecraft:mud":1,"minecraft:lava_cauldron":1,"minecraft:wheat":29,"minecraft:blue_ice":2,"minecraft:acacia_fence":3,"minecraft:sand":69,"minecraft:dirt":135,"minecraft:smooth_basalt":12,"minecraft:acacia_sign":3,"minecraft:ancient_debris":1,"minecraft:netherrack":163,"minecraft:nether_gold_ore":53,"minecraft:crying_obsidian":1,"minecraft:tuff":5,"minecraft:dead_bubble_coral":1,"minecraft:yellow_wall_banner":1,"minecraft:mossy_cobblestone":2,"minecraft:end_stone":116,"minecraft:nether_bricks":13,"minecraft:ladder":7,"minecraft:spruce_fence":44,"minecraft:decorated_pot":7,"minecraft:jungle_planks":1,"minecraft:spruce_leaves":615,"minecraft:red_mushroom":1,"minecraft:kelp":2,"minecraft:crimson_stem":33,"minecraft:cherry_wall_sign":2,"minecraft:black_stained_glass_pane":2,"minecraft:spruce_sapling":20,"minecraft:furnace":4,"minecraft:carrots":75,"minecraft:nether_sprouts":3,"minecraft:andesite":1,"minecraft:nether_brick_fence":4,"minecraft:potatoes":13,"minecraft:cobblestone_slab":252,"minecraft:shroomlight":1,"minecraft:rail":1,"minecraft:warped_stem":5,"minecraft:stripped_acacia_log":1,"minecraft:packed_ice":2,"minecraft:stone":356,"minecraft:podzol":2,"minecraft:acacia_leaves":36,"minecraft:cherry_planks":1,"minecraft:basalt":65,"minecraft:spruce_door":1,"minecraft:oak_fence":2,"minecraft:crafting_table":22,"minecraft:short_grass":1,"minecraft:warped_roots":1,"minecraft:sculk":7,"minecraft:ice":6,"minecraft:spruce_log":763,"minecraft:bee_nest":1,"minecraft:mycelium":3,"minecraft:terracotta":2,"minecraft:acacia_planks":6,"minecraft:cherry_sign":1,"minecraft:gold_ore":11,"minecraft:acacia_wall_sign":1},"minecraft:picked_up":{"minecraft:wheat":26,"minecraft:nether_brick_fence":4,"minecraft:prismarine_shard":4,"minecraft:potion":5,"minecraft:golden_sword":6,"minecraft:amethyst_block":19,"minecraft:string":10,"minecraft:raw_copper":33,"minecraft:shroomlight":1,"minecraft:gold_nugget":236,"minecraft:cobbled_deepslate":13,"minecraft:spruce_planks":54,"minecraft:acacia_sign":5,"minecraft:ender_eye":11,"minecraft:cobblestone_slab":529,"minecraft:calcite":1,"minecraft:crimson_sign":1,"minecraft:furnace":6,"minecraft:stick":66,"minecraft:acacia_fence":7,"minecraft:oak_fence":2,"minecraft:torch":13,"minecraft:acacia_log":46,"minecraft:porkchop":2,"minecraft:cherry_log":2,"minecraft:pointed_dripstone":7,"minecraft:cauldron":6,"minecraft:yellow_banner":1,"minecraft:stone_sword":2,"minecraft:cactus":2,"minecraft:rotten_flesh":140,"minecraft:armadillo_scute":2,"minecraft:blaze_rod":12,"minecraft:obsidian":44,"minecraft:snowball":7,"minecraft:cobblestone":1275,"minecraft:pink_petals":23,"minecraft:leather_chestplate":2,"minecraft:cooked_beef":31,"minecraft:magma_cream":6,"minecraft:cherry_planks":1,"minecraft:andesite":1,"minecraft:smoker":1,"minecraft:potato":34,"minecraft:tuff":5,"minecraft:danger_pottery_sherd":3,"minecraft:dirt":256,"minecraft:twisting_vines":2,"minecraft:bone":14,"minecraft:acacia_planks":22,"minecraft:bow":2,"minecraft:wheat_seeds":171,"minecraft:raw_gold":11,"minecraft:fletching_table":4,"minecraft:oak_planks":5,"minecraft:ghast_tear":1,"minecraft:poisonous_potato":1,"minecraft:sand":69,"minecraft:mossy_cobblestone":2,"minecraft:light_gray_terracotta":2,"minecraft:diamond":83,"minecraft:spruce_boat":32,"minecraft:crossbow":1,"minecraft:spruce_sign":1,"minecraft:emerald":105,"minecraft:bread":1,"minecraft:netherrack":196,"minecraft:chorus_fruit":11,"minecraft:diamond_pickaxe":1,"minecraft:crimson_roots":2,"minecraft:fishing_rod":1,"minecraft:mud":1,"minecraft:shelter_pottery_sherd":1,"minecraft:crafting_table":24,"minecraft:ladder":7,"minecraft:clay_ball":288,"minecraft:leather_leggings":1,"minecraft:acacia_door":2,"minecraft:iron_axe":2,"minecraft:iron_shovel":1,"minecraft:blackstone":8,"minecraft:beef":205,"minecraft:poppy":1,"minecraft:light_gray_wool":2,"minecraft:spruce_slab":7,"minecraft:sugar_cane":311,"minecraft:chest":7,"minecraft:spruce_trapdoor":1,"minecraft:end_stone":107,"minecraft:stone":7,"minecraft:spruce_fence":44,"minecraft:carrot":228,"minecraft:dark_oak_planks":2,"minecraft:howl_pottery_sherd":1,"minecraft:arrow":39,"minecraft:decorated_pot":5,"minecraft:nether_bricks":18,"minecraft:shears":1,"minecraft:gold_ingot":10,"minecraft:mutton":2,"minecraft:rail":1,"minecraft:basalt":63,"minecraft:burn_pottery_sherd":2,"minecraft:crimson_stem":33,"minecraft:leather":83,"minecraft:red_mushroom":1,"minecraft:crimson_fungus":1,"minecraft:lily_pad":3,"minecraft:ancient_debris":2,"minecraft:nether_wart_block":7,"minecraft:gunpowder":4,"minecraft:kelp":2,"minecraft:warped_stem":5,"minecraft:iron_ingot":228,"minecraft:cherry_sign":2,"minecraft:acacia_sapling":18,"minecraft:smooth_basalt":10,"minecraft:warped_fungus":1,"minecraft:quartz":12,"minecraft:spyglass":2,"minecraft:amethyst_shard":124,"minecraft:prize_pottery_sherd":1,"minecraft:spruce_sapling":76,"minecraft:blast_furnace":1,"minecraft:white_bed":1,"minecraft:spruce_log":775,"minecraft:crying_obsidian":1,"minecraft:spider_eye":1,"minecraft:spruce_door":1,"minecraft:leather_helmet":1,"minecraft:archer_pottery_sherd":1,"minecraft:slime_ball":21,"minecraft:gray_banner":1,"minecraft:cherry_sapling":1,"minecraft:warped_roots":5,"minecraft:terracotta":3,"minecraft:baked_potato":1,"minecraft:acacia_slab":3,"minecraft:warped_nylium":1,"minecraft:coal":33,"minecraft:ender_pearl":47}},"DataVersion":3953}