{"stats":{"minecraft:killed":{"minecraft:husk":1,"minecraft:skeleton":2,"minecraft:zombie":8},"minecraft:dropped":{"minecraft:golden_boots":1,"minecraft:stone_axe":2,"minecraft:obsidian":1,"minecraft:cobblestone":2,"minecraft:rotten_flesh":21,"minecraft:spruce_fence":2,"minecraft:dirt":12,"minecraft:potato":256,"minecraft:allium":1,"minecraft:spruce_planks":64,"minecraft:wooden_axe":1,"minecraft:wooden_sword":1,"minecraft:amethyst_shard":4,"minecraft:raw_gold":1,"minecraft:bucket":2,"minecraft:spruce_sapling":6,"minecraft:gold_ingot":3,"minecraft:bone":4},"minecraft:custom":{"minecraft:interact_with_furnace":3,"minecraft:mob_kills":15,"minecraft:interact_with_crafting_table":15,"minecraft:leave_game":7,"minecraft:time_since_death":267,"minecraft:climb_one_cm":1075,"minecraft:time_since_rest":293,"minecraft:sprint_one_cm":70180,"minecraft:damage_taken":59339,"minecraft:walk_one_cm":1606841,"minecraft:drop":54,"minecraft:damage_dealt":3118,"minecraft:swim_one_cm":683,"minecraft:talked_to_villager":5,"minecraft:fly_one_cm":70922,"minecraft:player_kills":1,"minecraft:open_chest":5,"minecraft:crouch_one_cm":22327,"minecraft:play_time":439671,"minecraft:deaths":148,"minecraft:sneak_time":7186,"minecraft:walk_under_water_one_cm":6086,"minecraft:jump":5716,"minecraft:walk_on_water_one_cm":12524,"minecraft:interact_with_smoker":1,"minecraft:total_world_time":439671,"minecraft:fall_one_cm":394370},"minecraft:killed_by":{"minecraft:ghast":1,"minecraft:vindicator":2,"minecraft:piglin":1,"minecraft:player":19,"minecraft:cave_spider":1,"minecraft:zombified_piglin":2,"minecraft:wither_skeleton":4,"minecraft:skeleton":2,"minecraft:creeper":1,"minecraft:zombie":9},"minecraft:crafted":{"minecraft:wooden_sword":6,"minecraft:spruce_planks":220,"minecraft:baked_potato":8,"minecraft:diamond_shovel":1,"minecraft:stick":4,"minecraft:acacia_planks":36},"minecraft:used":{"minecraft:moss_block":2,"minecraft:water_bucket":3,"minecraft:spruce_slab":1,"minecraft:oak_planks":3,"minecraft:spruce_planks":212,"minecraft:dirt":100,"minecraft:sand":5,"minecraft:spruce_log":2,"minecraft:wooden_axe":48,"minecraft:lime_banner":1,"minecraft:rooted_dirt":1,"minecraft:acacia_slab":1,"minecraft:stone_axe":130,"minecraft:wooden_sword":146,"minecraft:cobblestone":8,"minecraft:bucket":1,"minecraft:acacia_planks":40},"minecraft:broken":{"minecraft:wooden_sword":1,"minecraft:stone_axe":1,"minecraft:wooden_axe":1},"minecraft:mined":{"minecraft:acacia_leaves":1,"minecraft:spruce_planks":29,"minecraft:cherry_planks":4,"minecraft:lily_of_the_valley":1,"minecraft:amethyst_cluster":2,"minecraft:torch":1,"minecraft:short_grass":34,"minecraft:lime_banner":1,"minecraft:acacia_log":11,"minecraft:grass_block":76,"minecraft:tall_grass":9,"minecraft:spruce_leaves":150,"minecraft:acacia_slab":1,"minecraft:oak_planks":3,"minecraft:moss_block":3,"minecraft:rooted_dirt":1,"minecraft:blue_ice":3,"minecraft:spruce_log":34,"minecraft:dirt_path":9,"minecraft:acacia_fence":1,"minecraft:sand":5,"minecraft:dirt":38,"minecraft:packed_ice":2,"minecraft:acacia_planks":7,"minecraft:spruce_slab":1},"minecraft:picked_up":{"minecraft:wooden_axe":2,"minecraft:allium":2,"minecraft:cherry_planks":4,"minecraft:water_bucket":3,"minecraft:potato":257,"minecraft:golden_boots":1,"minecraft:cornflower":1,"minecraft:dirt":112,"minecraft:wooden_sword":1,"minecraft:bone":12,"minecraft:acacia_planks":6,"minecraft:bow":1,"minecraft:wheat_seeds":8,"minecraft:raw_gold":1,"minecraft:spruce_planks":122,"minecraft:trial_key":2,"minecraft:spruce_slab":2,"minecraft:bamboo":9,"minecraft:moss_block":2,"minecraft:birch_sapling":2,"minecraft:chest":1,"minecraft:oak_planks":3,"minecraft:acacia_sapling":2,"minecraft:furnace":1,"minecraft:stick":10,"minecraft:acacia_fence":2,"minecraft:dandelion":2,"minecraft:torch":3,"minecraft:acacia_log":9,"minecraft:poisonous_potato":3,"minecraft:spruce_fence":2,"minecraft:sand":5,"minecraft:amethyst_shard":8,"minecraft:stripped_spruce_log":1,"minecraft:spruce_sapling":11,"minecraft:spruce_log":57,"minecraft:lily_of_the_valley":2,"minecraft:lime_banner":3,"minecraft:arrow":5,"minecraft:rotten_flesh":24,"minecraft:slime_ball":1,"minecraft:diamond":2,"minecraft:stone_axe":3,"minecraft:crossbow":2,"minecraft:gold_ingot":4,"minecraft:bread":3,"minecraft:rooted_dirt":1,"minecraft:acacia_slab":1,"minecraft:obsidian":1,"minecraft:cobblestone":13}},"DataVersion":3953}