{"stats":{"minecraft:killed":{"minecraft:zombie":2},"minecraft:dropped":{"minecraft:wooden_axe":1},"minecraft:custom":{"minecraft:time_since_rest":4733,"minecraft:interact_with_furnace":4,"minecraft:sprint_one_cm":82438,"minecraft:damage_taken":760,"minecraft:walk_one_cm":55243,"minecraft:mob_kills":2,"minecraft:drop":1,"minecraft:damage_dealt":411,"minecraft:talked_to_villager":3,"minecraft:swim_one_cm":3293,"minecraft:interact_with_crafting_table":3,"minecraft:fly_one_cm":24940,"minecraft:open_chest":3,"minecraft:crouch_one_cm":2683,"minecraft:play_time":19710,"minecraft:deaths":3,"minecraft:sneak_time":1358,"minecraft:walk_under_water_one_cm":131,"minecraft:jump":214,"minecraft:leave_game":1,"minecraft:time_since_death":4711,"minecraft:walk_on_water_one_cm":604,"minecraft:total_world_time":19710,"minecraft:climb_one_cm":328,"minecraft:fall_one_cm":5756},"minecraft:killed_by":{"minecraft:zombie":1},"minecraft:crafted":{"minecraft:crafting_table":2,"minecraft:spruce_planks":36,"minecraft:stick":8,"minecraft:wooden_pickaxe":1,"minecraft:stone_pickaxe":1,"minecraft:wooden_axe":1,"minecraft:bowl":4},"minecraft:used":{"minecraft:wooden_axe":36,"minecraft:spruce_planks":19,"minecraft:wooden_pickaxe":3,"minecraft:rotten_flesh":2,"minecraft:stone_axe":3,"minecraft:crafting_table":3,"minecraft:spruce_log":1},"minecraft:mined":{"minecraft:spruce_planks":5,"minecraft:spruce_log":12,"minecraft:crafting_table":1,"minecraft:potatoes":3,"minecraft:mushroom_stem":2,"minecraft:brown_mushroom_block":8,"minecraft:cobblestone":3,"minecraft:red_mushroom_block":6},"minecraft:picked_up":{"minecraft:wooden_axe":1,"minecraft:crafting_table":1,"minecraft:wooden_pickaxe":1,"minecraft:red_mushroom":2,"minecraft:potato":6,"minecraft:spruce_log":12,"minecraft:rotten_flesh":2,"minecraft:spruce_planks":5,"minecraft:cobblestone_slab":8,"minecraft:cobblestone":4}},"DataVersion":3953}