{"stats":{"minecraft:killed":{"minecraft:spider":7,"minecraft:slime":34,"minecraft:skeleton":4,"minecraft:husk":2,"minecraft:zombie_villager":1,"minecraft:zombie":18,"minecraft:glow_squid":7},"minecraft:dropped":{"minecraft:spruce_sign":3,"minecraft:wheat_seeds":11,"minecraft:diamond_axe":1,"minecraft:cherry_log":34,"minecraft:diamond":3,"minecraft:spore_blossom":1,"minecraft:poisonous_potato":1,"minecraft:cobblestone":294,"minecraft:shaper_armor_trim_smithing_template":1,"minecraft:jungle_planks":1,"minecraft:tropical_fish":1,"minecraft:stick":57,"minecraft:dirt":195,"minecraft:jungle_slab":14,"minecraft:cherry_planks":5,"minecraft:snowball":2,"minecraft:flowering_azalea":1,"minecraft:sand":3,"minecraft:pink_petals":123,"minecraft:spruce_sapling":3,"minecraft:acacia_planks":5,"minecraft:gold_ingot":38,"minecraft:furnace":1,"minecraft:moss_carpet":5,"minecraft:kelp":1,"minecraft:light_blue_glazed_terracotta":1,"minecraft:blaze_rod":2,"minecraft:tuff":1,"minecraft:cobblestone_wall":1,"minecraft:cobbled_deepslate":22,"minecraft:cocoa_beans":6,"minecraft:cherry_sapling":11,"minecraft:rotten_flesh":1,"minecraft:wayfinder_armor_trim_smithing_template":1,"minecraft:oak_planks":1,"minecraft:cherry_slab":18,"minecraft:spruce_fence":22,"minecraft:cobblestone_slab":711,"minecraft:gunpowder":2,"minecraft:allium":1,"minecraft:spruce_planks":3,"minecraft:acacia_slab":1,"minecraft:azalea":2,"minecraft:spider_eye":2,"minecraft:spruce_slab":27,"minecraft:bow":1,"minecraft:wooden_pickaxe":1,"minecraft:red_tulip":1,"minecraft:netherrack":5},"minecraft:custom":{"minecraft:mob_kills":80,"minecraft:interact_with_crafting_table":76,"minecraft:open_barrel":3,"minecraft:leave_game":4,"minecraft:time_since_death":6831,"minecraft:climb_one_cm":19281,"minecraft:sprint_one_cm":1223390,"minecraft:walk_one_cm":2545311,"minecraft:drop":113,"minecraft:talked_to_villager":38,"minecraft:play_time":1016354,"minecraft:deaths":108,"minecraft:sneak_time":144085,"minecraft:walk_under_water_one_cm":11835,"minecraft:jump":8588,"minecraft:walk_on_water_one_cm":89196,"minecraft:total_world_time":1016354,"minecraft:interact_with_furnace":21,"minecraft:traded_with_villager":90,"minecraft:interact_with_stonecutter":1,"minecraft:time_since_rest":6862,"minecraft:open_enderchest":1,"minecraft:damage_taken":26938,"minecraft:damage_absorbed":80,"minecraft:damage_dealt":13925,"minecraft:swim_one_cm":3639,"minecraft:fly_one_cm":1850535,"minecraft:player_kills":16,"minecraft:open_chest":200,"minecraft:crouch_one_cm":653217,"minecraft:fall_one_cm":176830},"minecraft:killed_by":{"minecraft:player":17,"minecraft:creeper":3,"minecraft:skeleton":2,"minecraft:zombie":9},"minecraft:crafted":{"minecraft:cherry_planks":362,"minecraft:cobblestone_slab":1686,"minecraft:coal":9,"minecraft:cherry_slab":24,"minecraft:furnace":2,"minecraft:cobblestone_stairs":92,"minecraft:stone":64,"minecraft:diamond_shovel":1,"minecraft:spruce_fence":345,"minecraft:diamond_helmet":1,"minecraft:diamond_leggings":1,"minecraft:spruce_slab":3082,"minecraft:stone_pickaxe":1,"minecraft:cobblestone_wall":12,"minecraft:chest":4,"minecraft:diamond_boots":2,"minecraft:cherry_fence":192,"minecraft:diamond_sword":1,"minecraft:spruce_sign":3,"minecraft:diamond_axe":3,"minecraft:crafting_table":2,"minecraft:spruce_planks":2136,"minecraft:wooden_pickaxe":1,"minecraft:dirt":5696,"minecraft:bucket":2,"minecraft:stone_axe":1,"minecraft:jungle_slab":456,"minecraft:air":0,"minecraft:jungle_planks":268,"minecraft:diamond_pickaxe":6,"minecraft:cherry_sign":6,"minecraft:charcoal":64,"minecraft:stick":460,"minecraft:iron_ingot":39,"minecraft:wooden_axe":1,"minecraft:torch":140,"minecraft:diamond_chestplate":1},"minecraft:used":{"minecraft:azalea":1,"minecraft:moss_block":23,"minecraft:cherry_sapling":22,"minecraft:orange_concrete":6,"minecraft:spruce_slab":3105,"minecraft:ladder":1,"minecraft:chest":11,"minecraft:spruce_planks":23,"minecraft:rotten_flesh":15,"minecraft:torch":163,"minecraft:dirt":6576,"minecraft:jungle_planks":1,"minecraft:jungle_slab":458,"minecraft:cobblestone_wall":158,"minecraft:tuff":2,"minecraft:spruce_fence":493,"minecraft:snowball":32,"minecraft:wooden_axe":60,"minecraft:lava_bucket":1,"minecraft:cherry_slab":59,"minecraft:totem_of_undying":1,"minecraft:bow":5,"minecraft:furnace":4,"minecraft:potato":36,"minecraft:cherry_fence":252,"minecraft:cherry_log":17,"minecraft:water_bucket":2,"minecraft:cobblestone_stairs":34,"minecraft:stone_pickaxe":129,"minecraft:wooden_pickaxe":29,"minecraft:cherry_planks":6,"minecraft:spruce_sign":14,"minecraft:glow_ink_sac":3,"minecraft:diamond_axe":2896,"minecraft:cobblestone_slab":1644,"minecraft:crafting_table":11,"minecraft:spruce_log":46,"minecraft:diamond_pickaxe":9027,"minecraft:diamond_shovel":693,"minecraft:wind_charge":8,"minecraft:iron_pickaxe":250,"minecraft:cherry_sign":6,"minecraft:soul_lantern":3,"minecraft:stone_axe":147,"minecraft:diamond_sword":85,"minecraft:cobblestone":160,"minecraft:bucket":3,"minecraft:white_concrete":5},"minecraft:broken":{"minecraft:stone_pickaxe":1,"minecraft:diamond_boots":1,"minecraft:diamond_pickaxe":5,"minecraft:stone_axe":1,"minecraft:iron_pickaxe":1,"minecraft:wooden_axe":1},"minecraft:mined":{"minecraft:diamond_ore":85,"minecraft:tuff":3,"minecraft:spruce_planks":70,"minecraft:jungle_slab":100,"minecraft:cobblestone_stairs":2,"minecraft:sculk_vein":1,"minecraft:cherry_log":128,"minecraft:cherry_sapling":8,"minecraft:jungle_leaves":34,"minecraft:ladder":1,"minecraft:glow_lichen":1,"minecraft:allium":1,"minecraft:grass_block":316,"minecraft:spruce_fence":172,"minecraft:dead_tube_coral_block":1,"minecraft:jungle_log":68,"minecraft:white_concrete":6,"minecraft:soul_soil":10,"minecraft:spruce_leaves":81,"minecraft:acacia_slab":1,"minecraft:kelp":1,"minecraft:moss_block":37,"minecraft:large_fern":7,"minecraft:cherry_wall_sign":1,"minecraft:spore_blossom":1,"minecraft:furnace":3,"minecraft:iron_ore":1,"minecraft:fire":3,"minecraft:cobbled_deepslate":12,"minecraft:stripped_spruce_log":3,"minecraft:moss_carpet":1,"minecraft:twisting_vines":1,"minecraft:vine":9,"minecraft:potatoes":31,"minecraft:cobblestone_slab":424,"minecraft:deepslate_iron_ore":6,"minecraft:packed_ice":1,"minecraft:bamboo":2,"minecraft:azalea":2,"minecraft:stone":835,"minecraft:spruce_slab":104,"minecraft:cherry_planks":8,"minecraft:basalt":19,"minecraft:soul_lantern":2,"minecraft:clay":13,"minecraft:crafting_table":6,"minecraft:torch":46,"minecraft:short_grass":33,"minecraft:melon":1,"minecraft:chest":7,"minecraft:spruce_wall_sign":5,"minecraft:tall_grass":21,"minecraft:cobblestone":7805,"minecraft:oak_planks":1,"minecraft:wall_torch":1,"minecraft:spruce_sign":5,"minecraft:cherry_slab":122,"minecraft:pink_petals":16,"minecraft:seagrass":1,"minecraft:cherry_fence":252,"minecraft:red_terracotta":1,"minecraft:cobblestone_wall":131,"minecraft:spruce_log":1805,"minecraft:yellow_stained_glass_pane":1,"minecraft:cherry_leaves":130,"minecraft:dirt":565,"minecraft:acacia_planks":6,"minecraft:netherrack":13,"minecraft:deepslate":13},"minecraft:picked_up":{"minecraft:cocoa_beans":6,"minecraft:crafting_table":9,"minecraft:allium":1,"minecraft:ladder":1,"minecraft:diamond_sword":1,"minecraft:potion":1,"minecraft:enchanted_book":1,"minecraft:wind_charge":17,"minecraft:dead_tube_coral_block":1,"minecraft:moss_carpet":5,"minecraft:string":8,"minecraft:soul_soil":1,"minecraft:diamond_leggings":1,"minecraft:cobbled_deepslate":25,"minecraft:bucket":2,"minecraft:spruce_planks":145,"minecraft:jungle_sapling":8,"minecraft:cobblestone_slab":759,"minecraft:azalea":3,"minecraft:iron_pickaxe":1,"minecraft:spruce_slab":194,"minecraft:melon_slice":10,"minecraft:chest":7,"minecraft:furnace":3,"minecraft:stick":93,"minecraft:raw_iron":7,"minecraft:torch":43,"minecraft:spruce_fence":175,"minecraft:cherry_log":200,"minecraft:carrot":4,"minecraft:cactus":2,"minecraft:arrow":6,"minecraft:rotten_flesh":33,"minecraft:tropical_fish":1,"minecraft:red_tulip":1,"minecraft:gold_ingot":114,"minecraft:blaze_rod":2,"minecraft:glow_berries":2,"minecraft:snowball":34,"minecraft:cobblestone":7752,"minecraft:pink_petals":123,"minecraft:cherry_planks":21,"minecraft:glow_ink_sac":31,"minecraft:jungle_log":67,"minecraft:potato":136,"minecraft:tuff":3,"minecraft:cherry_fence":389,"minecraft:cobblestone_wall":120,"minecraft:gunpowder":5,"minecraft:cobblestone_stairs":62,"minecraft:dirt":1653,"minecraft:bone":8,"minecraft:acacia_planks":10,"minecraft:kelp":1,"minecraft:bow":3,"minecraft:wheat_seeds":31,"minecraft:spore_blossom":1,"minecraft:iron_ingot":21,"minecraft:cherry_sign":4,"minecraft:diamond_helmet":1,"minecraft:bamboo":24,"minecraft:moss_block":24,"minecraft:oak_planks":1,"minecraft:flowering_azalea":1,"minecraft:light_blue_glazed_terracotta":1,"minecraft:poisonous_potato":1,"minecraft:lava_bucket":2,"minecraft:jungle_planks":4,"minecraft:stripped_spruce_log":5,"minecraft:spruce_sapling":36,"minecraft:spruce_log":3073,"minecraft:crying_obsidian":5,"minecraft:red_terracotta":1,"minecraft:jungle_slab":16,"minecraft:spider_eye":4,"minecraft:diamond_shovel":1,"minecraft:stone_axe":1,"minecraft:slime_ball":28,"minecraft:diamond":159,"minecraft:soul_lantern":3,"minecraft:diamond_axe":1,"minecraft:cherry_sapling":41,"minecraft:white_concrete":5,"minecraft:spruce_sign":17,"minecraft:acacia_slab":2,"minecraft:cherry_slab":53,"minecraft:netherrack":5,"minecraft:coal":1,"minecraft:diamond_pickaxe":1}},"DataVersion":3953}