{"stats":{"minecraft:custom":{"minecraft:jump":126,"minecraft:time_since_rest":16480,"minecraft:deaths":1,"minecraft:sprint_one_cm":18017,"minecraft:leave_game":2,"minecraft:play_time":24887,"minecraft:damage_taken":410,"minecraft:time_since_death":16365,"minecraft:walk_one_cm":38006,"minecraft:climb_one_cm":328,"minecraft:total_world_time":24887,"minecraft:talked_to_villager":1,"minecraft:fall_one_cm":5947,"minecraft:fly_one_cm":8442},"minecraft:mined":{"minecraft:spruce_leaves":1,"minecraft:spruce_log":11},"minecraft:picked_up":{"minecraft:spruce_log":10}},"DataVersion":3953}