{"stats":{"minecraft:picked_up":{"minecraft:dirt":2,"minecraft:cobblestone":1},"minecraft:used":{"minecraft:dirt":2},"minecraft:mined":{"minecraft:dirt":2},"minecraft:killed_by":{"minecraft:player":1},"minecraft:custom":{"minecraft:jump":57,"minecraft:time_since_rest":1348,"minecraft:damage_dealt":52,"minecraft:deaths":2,"minecraft:sprint_one_cm":20073,"minecraft:leave_game":2,"minecraft:play_time":5587,"minecraft:damage_taken":582,"minecraft:time_since_death":1300,"minecraft:walk_one_cm":52600,"minecraft:total_world_time":5587,"minecraft:fall_one_cm":4544,"minecraft:fly_one_cm":6568}},"DataVersion":3953}