{"stats":{"minecraft:used":{"minecraft:dirt":12,"minecraft:rooted_dirt":2},"minecraft:picked_up":{"minecraft:pink_petals":4,"minecraft:wheat_seeds":1,"minecraft:pink_tulip":1,"minecraft:rooted_dirt":2,"minecraft:dirt":12},"minecraft:mined":{"minecraft:pink_petals":2,"minecraft:short_grass":1,"minecraft:grass_block":5,"minecraft:dirt":7,"minecraft:tall_grass":2,"minecraft:birch_leaves":1,"minecraft:rooted_dirt":3},"minecraft:killed_by":{"minecraft:skeleton":1,"minecraft:creeper":1},"minecraft:custom":{"minecraft:time_since_rest":1354,"minecraft:crouch_one_cm":4704,"minecraft:play_time":11282,"minecraft:sprint_one_cm":26598,"minecraft:deaths":2,"minecraft:damage_taken":642,"minecraft:walk_one_cm":30015,"minecraft:sneak_time":860,"minecraft:jump":209,"minecraft:damage_dealt":46,"minecraft:leave_game":2,"minecraft:time_since_death":1315,"minecraft:total_world_time":11282,"minecraft:fall_one_cm":1637,"minecraft:fly_one_cm":46810}},"DataVersion":3953}