{"stats":{"minecraft:killed":{"minecraft:magma_cube":11,"minecraft:zombified_piglin":10,"minecraft:pig":1,"minecraft:spider":3,"minecraft:slime":14,"minecraft:creeper":4,"minecraft:skeleton":11,"minecraft:pillager":2,"minecraft:zombie":22,"minecraft:ghast":1,"minecraft:chicken":2,"minecraft:axolotl":1,"minecraft:wither_skeleton":1,"minecraft:villager":3},"minecraft:dropped":{"minecraft:iron_ingot":285,"minecraft:water_bucket":1,"minecraft:cooked_beef":12,"minecraft:stone_sword":10,"minecraft:diamond":243,"minecraft:netherite_helmet":1,"minecraft:netherite_chestplate":1,"minecraft:oak_fence":3,"minecraft:cobblestone":457,"minecraft:villager_spawn_egg":5,"minecraft:command_block":256,"minecraft:bedrock":1,"minecraft:oak_sign":3,"minecraft:grass_block":9,"minecraft:netherite_leggings":1,"minecraft:wind_charge":143,"minecraft:emerald":144,"minecraft:lava_bucket":1,"minecraft:diamond_sword":1,"minecraft:potato":14,"minecraft:netherite_scrap":2,"minecraft:shield":6,"minecraft:mace":2,"minecraft:stone_button":3,"minecraft:cornflower":1,"minecraft:torch":2,"minecraft:diamond_pickaxe":1,"minecraft:leather_boots":8,"minecraft:netherite_boots":1,"minecraft:bone_meal":1,"minecraft:gold_ingot":268},"minecraft:custom":{"minecraft:interact_with_furnace":9,"minecraft:mob_kills":86,"minecraft:interact_with_anvil":1,"minecraft:interact_with_crafting_table":3,"minecraft:open_barrel":1,"minecraft:leave_game":11,"minecraft:time_since_death":49431,"minecraft:climb_one_cm":515,"minecraft:time_since_rest":49459,"minecraft:sprint_one_cm":374535,"minecraft:damage_taken":4255,"minecraft:walk_one_cm":390797,"minecraft:drop":928,"minecraft:damage_dealt":17109,"minecraft:swim_one_cm":745,"minecraft:talked_to_villager":88,"minecraft:fly_one_cm":2776522,"minecraft:player_kills":25,"minecraft:open_chest":7,"minecraft:crouch_one_cm":8448,"minecraft:play_time":359886,"minecraft:deaths":16,"minecraft:sneak_time":9435,"minecraft:walk_under_water_one_cm":1055,"minecraft:jump":2336,"minecraft:walk_on_water_one_cm":5221,"minecraft:total_world_time":359886,"minecraft:fall_one_cm":11601},"minecraft:killed_by":{"minecraft:player":13},"minecraft:crafted":{"minecraft:leather_boots":2},"minecraft:used":{"minecraft:oak_fence":13,"minecraft:oak_trapdoor":4,"minecraft:cherry_sapling":17,"minecraft:water_bucket":22,"minecraft:netherite_sword":16,"minecraft:cobblestone_stairs":1,"minecraft:iron_shovel":32,"minecraft:flint_and_steel":1,"minecraft:spruce_slab":19,"minecraft:ladder":8,"minecraft:oak_planks":6,"minecraft:oak_sign":2,"minecraft:axolotl_spawn_egg":1,"minecraft:chest":1,"minecraft:spruce_sign":2,"minecraft:glow_ink_sac":1,"minecraft:vindicator_spawn_egg":1,"minecraft:zombie_spawn_egg":33,"minecraft:leather_boots":14,"minecraft:deepslate_gold_ore":24,"minecraft:cobblestone_slab":51,"minecraft:torch":76,"minecraft:dark_oak_trapdoor":12,"minecraft:anvil":1,"minecraft:skeleton_spawn_egg":5,"minecraft:oak_slab":17,"minecraft:crafting_table":3,"minecraft:carrot":60,"minecraft:oak_wood":143,"minecraft:spruce_log":43,"minecraft:obsidian":15,"minecraft:sea_lantern":20,"minecraft:lava_bucket":1,"minecraft:mace":77,"minecraft:villager_spawn_egg":4,"minecraft:command_block":11,"minecraft:spruce_wood":45,"minecraft:wind_charge":19,"minecraft:grass_block":691,"minecraft:stone_button":14,"minecraft:spawner":15,"minecraft:netherite_hoe":96,"minecraft:diamond_ore":15,"minecraft:lime_dye":1,"minecraft:spruce_sapling":422,"minecraft:gravel":13,"minecraft:bedrock":560,"minecraft:basalt":1,"minecraft:deepslate_diamond_ore":15,"minecraft:diamond_sword":127,"minecraft:furnace":2,"minecraft:dark_oak_fence":61,"minecraft:potato":66,"minecraft:bone_meal":1353,"minecraft:pillager_spawn_egg":1,"minecraft:trial_spawner":25},"minecraft:mined":{"minecraft:torch":1},"minecraft:picked_up":{"minecraft:pink_petals":2,"minecraft:netherite_boots":1,"minecraft:bee_nest":1,"minecraft:feather":4,"minecraft:basalt":1,"minecraft:chicken":2,"minecraft:water_bucket":2,"minecraft:potato":69,"minecraft:bedrock":1,"minecraft:cobblestone_stairs":1,"minecraft:wind_charge":13,"minecraft:cornflower":1,"minecraft:netherite_leggings":1,"minecraft:dirt":3,"minecraft:string":2,"minecraft:leather_boots":7,"minecraft:bone":5,"minecraft:acacia_planks":1,"minecraft:oak_sign":3,"minecraft:apple":1,"minecraft:wheat_seeds":3,"minecraft:spruce_planks":64,"minecraft:iron_ingot":21,"minecraft:written_book":1,"minecraft:poppy":1,"minecraft:coal_block":2,"minecraft:stick":3,"minecraft:mace":1,"minecraft:acacia_fence":3,"minecraft:oak_fence":3,"minecraft:torch":12,"minecraft:dandelion":1,"minecraft:lava_bucket":2,"minecraft:porkchop":1,"minecraft:amethyst_shard":4,"minecraft:villager_spawn_egg":1,"minecraft:stone_button":3,"minecraft:spruce_sapling":6,"minecraft:grass_block":9,"minecraft:spruce_log":4,"minecraft:command_block":256,"minecraft:rotten_flesh":9,"minecraft:slime_ball":1,"minecraft:diamond":5,"minecraft:netherite_helmet":1,"minecraft:bone_meal":1,"minecraft:emerald":1,"minecraft:gold_ingot":1,"minecraft:spruce_sign":2,"minecraft:totem_of_undying":1,"minecraft:bread":6,"minecraft:netherite_chestplate":1,"minecraft:oak_sapling":1,"minecraft:brown_banner":1,"minecraft:netherrack":2,"minecraft:obsidian":1,"minecraft:cobblestone":13}},"DataVersion":3953}