{"stats":{"minecraft:dropped":{"minecraft:spruce_log":1},"minecraft:custom":{"minecraft:time_since_rest":8287,"minecraft:interact_with_furnace":1,"minecraft:sprint_one_cm":51244,"minecraft:damage_taken":590,"minecraft:walk_one_cm":19249,"minecraft:mob_kills":3,"minecraft:drop":1,"minecraft:damage_dealt":208,"minecraft:swim_one_cm":1827,"minecraft:talked_to_villager":2,"minecraft:interact_with_crafting_table":5,"minecraft:fly_one_cm":32405,"minecraft:crouch_one_cm":2042,"minecraft:play_time":16450,"minecraft:deaths":2,"minecraft:sneak_time":1785,"minecraft:walk_under_water_one_cm":813,"minecraft:jump":262,"minecraft:leave_game":1,"minecraft:time_since_death":8215,"minecraft:walk_on_water_one_cm":2871,"minecraft:total_world_time":16450,"minecraft:fall_one_cm":6594},"minecraft:killed_by":{"minecraft:skeleton":1},"minecraft:used":{"minecraft:wooden_hoe":3,"minecraft:spruce_planks":23,"minecraft:wooden_pickaxe":24,"minecraft:spruce_sapling":5,"minecraft:stone_axe":48,"minecraft:dirt":1,"minecraft:crafting_table":1,"minecraft:spruce_log":1},"minecraft:mined":{"minecraft:podzol":1,"minecraft:spruce_planks":4,"minecraft:spruce_sapling":2,"minecraft:spruce_log":42,"minecraft:cobblestone":7,"minecraft:spruce_leaves":13,"minecraft:stone":17},"minecraft:crafted":{"minecraft:wooden_sword":1,"minecraft:wooden_hoe":2,"minecraft:crafting_table":1,"minecraft:spruce_planks":184,"minecraft:stick":4,"minecraft:wooden_pickaxe":1},"minecraft:picked_up":{"minecraft:stick":4,"minecraft:smooth_basalt":6,"minecraft:spruce_sapling":5,"minecraft:spruce_log":49,"minecraft:dirt":1,"minecraft:spruce_planks":4,"minecraft:calcite":6,"minecraft:cobblestone":9}},"DataVersion":3953}