{"stats":{"minecraft:killed":{"minecraft:husk":2,"minecraft:spider":4,"minecraft:creeper":1,"minecraft:skeleton":1,"minecraft:zombie":6,"minecraft:drowned":1},"minecraft:dropped":{"minecraft:moss_block":2,"minecraft:wheat_seeds":4,"minecraft:stone_sword":1,"minecraft:mossy_cobblestone":3,"minecraft:stone_shovel":1,"minecraft:rotten_flesh":5,"minecraft:clay_ball":24,"minecraft:blue_concrete":2,"minecraft:dirt":2,"minecraft:jungle_slab":3,"minecraft:allium":1,"minecraft:torch":1,"minecraft:wooden_axe":1,"minecraft:white_concrete":7,"minecraft:acacia_sapling":1,"minecraft:wooden_pickaxe":1,"minecraft:stone_pickaxe":1,"minecraft:pink_petals":3},"minecraft:custom":{"minecraft:interact_with_furnace":8,"minecraft:mob_kills":16,"minecraft:traded_with_villager":2,"minecraft:interact_with_crafting_table":24,"minecraft:open_barrel":5,"minecraft:leave_game":5,"minecraft:time_since_death":34991,"minecraft:climb_one_cm":4120,"minecraft:time_since_rest":35031,"minecraft:sprint_one_cm":311225,"minecraft:damage_taken":5710,"minecraft:walk_one_cm":539315,"minecraft:damage_blocked_by_shield":519,"minecraft:drop":25,"minecraft:damage_dealt":4867,"minecraft:swim_one_cm":8879,"minecraft:talked_to_villager":2,"minecraft:fly_one_cm":297731,"minecraft:player_kills":5,"minecraft:open_chest":21,"minecraft:crouch_one_cm":54448,"minecraft:play_time":172243,"minecraft:deaths":22,"minecraft:sneak_time":17409,"minecraft:walk_under_water_one_cm":15934,"minecraft:jump":2200,"minecraft:walk_on_water_one_cm":35574,"minecraft:total_world_time":172243,"minecraft:fall_one_cm":51499},"minecraft:killed_by":{"minecraft:player":6,"minecraft:cave_spider":1,"minecraft:skeleton":1},"minecraft:crafted":{"minecraft:stone_shovel":2,"minecraft:diamond_sword":1,"minecraft:emerald":2,"minecraft:crafting_table":2,"minecraft:wooden_pickaxe":1,"minecraft:furnace":1,"minecraft:bucket":1,"minecraft:stone_axe":1,"minecraft:air":0,"minecraft:jungle_planks":84,"minecraft:diamond_helmet":1,"minecraft:shield":1,"minecraft:stick":84,"minecraft:stone_pickaxe":1,"minecraft:iron_ingot":7,"minecraft:iron_pickaxe":1,"minecraft:wooden_axe":1,"minecraft:stone_sword":1,"minecraft:diamond_boots":1,"minecraft:acacia_planks":32,"minecraft:torch":12,"minecraft:diamond_chestplate":1},"minecraft:used":{"minecraft:stone_sword":8,"minecraft:stone_shovel":259,"minecraft:stone_pickaxe":35,"minecraft:polished_basalt":1,"minecraft:decorated_pot":2,"minecraft:wooden_pickaxe":9,"minecraft:shield":21,"minecraft:spruce_sign":3,"minecraft:sugar_cane":1,"minecraft:cracked_stone_bricks":2,"minecraft:torch":16,"minecraft:dirt":254,"minecraft:crafting_table":6,"minecraft:jungle_planks":19,"minecraft:tuff":1,"minecraft:wooden_axe":17,"minecraft:slime_block":4,"minecraft:iron_pickaxe":168,"minecraft:mossy_cobblestone_slab":1,"minecraft:stone_axe":33,"minecraft:bamboo":3,"minecraft:diamond_sword":89,"minecraft:cobblestone":20,"minecraft:furnace":2,"minecraft:cooked_cod":5,"minecraft:bucket":1,"minecraft:cobbled_deepslate":27},"minecraft:broken":{"minecraft:stone_shovel":1},"minecraft:mined":{"minecraft:diamond_ore":14,"minecraft:tuff":1,"minecraft:acacia_leaves":2,"minecraft:deepslate_diamond_ore":41,"minecraft:jungle_slab":2,"minecraft:sculk_vein":11,"minecraft:clay":3,"minecraft:crafting_table":7,"minecraft:torch":3,"minecraft:spruce_fence":3,"minecraft:short_grass":4,"minecraft:acacia_log":8,"minecraft:grass_block":160,"minecraft:decorated_pot":2,"minecraft:jungle_planks":2,"minecraft:heavy_core":1,"minecraft:jungle_log":20,"minecraft:sculk_sensor":1,"minecraft:white_concrete":15,"minecraft:spruce_wall_sign":3,"minecraft:tall_grass":3,"minecraft:cobblestone":14,"minecraft:slime_block":4,"minecraft:deepslate_gold_ore":1,"minecraft:sugar_cane":1,"minecraft:pink_petals":1,"minecraft:large_fern":1,"minecraft:fire_coral_fan":1,"minecraft:furnace":2,"minecraft:polished_basalt":1,"minecraft:iron_ore":8,"minecraft:deepslate_lapis_ore":14,"minecraft:sculk_shrieker":1,"minecraft:coal_ore":21,"minecraft:cocoa":1,"minecraft:deepslate_iron_ore":4,"minecraft:vine":5,"minecraft:dirt":103,"minecraft:cobweb":6,"minecraft:cracked_stone_bricks":2,"minecraft:bamboo":1,"minecraft:stone":31,"minecraft:deepslate":28},"minecraft:picked_up":{"minecraft:cocoa_beans":6,"minecraft:pink_petals":28,"minecraft:allium":1,"minecraft:crafting_table":6,"minecraft:mossy_cobblestone_slab":1,"minecraft:clay_ball":24,"minecraft:jungle_log":21,"minecraft:tuff":1,"minecraft:lapis_lazuli":84,"minecraft:dirt":256,"minecraft:string":7,"minecraft:bone":1,"minecraft:cracked_stone_bricks":2,"minecraft:wheat_seeds":4,"minecraft:cobbled_deepslate":27,"minecraft:raw_gold":1,"minecraft:stone_pickaxe":1,"minecraft:bamboo":11,"minecraft:moss_block":2,"minecraft:sugar_cane":1,"minecraft:acacia_sapling":1,"minecraft:furnace":2,"minecraft:stick":3,"minecraft:raw_iron":17,"minecraft:heavy_core":1,"minecraft:torch":5,"minecraft:acacia_log":8,"minecraft:spruce_fence":3,"minecraft:jungle_planks":1,"minecraft:jungle_slab":3,"minecraft:mossy_cobblestone":3,"minecraft:rotten_flesh":8,"minecraft:cactus":3,"minecraft:diamond":53,"minecraft:slime_block":4,"minecraft:decorated_pot":2,"minecraft:polished_basalt":1,"minecraft:white_concrete":15,"minecraft:spruce_sign":3,"minecraft:coal":60,"minecraft:cobblestone":45}},"DataVersion":3953}