{"stats":{"minecraft:custom":{"minecraft:time_since_rest":11139,"minecraft:sprint_one_cm":37098,"minecraft:damage_taken":180,"minecraft:walk_one_cm":110860,"minecraft:damage_dealt":90,"minecraft:interact_with_crafting_table":11,"minecraft:fly_one_cm":38810,"minecraft:open_barrel":2,"minecraft:open_chest":14,"minecraft:crouch_one_cm":13561,"minecraft:play_time":26431,"minecraft:sneak_time":5337,"minecraft:jump":282,"minecraft:leave_game":1,"minecraft:walk_on_water_one_cm":108,"minecraft:time_since_death":26431,"minecraft:sleep_in_bed":1,"minecraft:total_world_time":26431,"minecraft:fall_one_cm":5154},"minecraft:used":{"minecraft:spruce_door":1,"minecraft:spruce_slab":17,"minecraft:stone_pickaxe":4,"minecraft:cherry_planks":115,"minecraft:chest":2,"minecraft:spruce_planks":16,"minecraft:wooden_pickaxe":11,"minecraft:stone_axe":62,"minecraft:crafting_table":2,"minecraft:carrot":3,"minecraft:yellow_bed":2,"minecraft:potato":8},"minecraft:picked_up":{"minecraft:crafting_table":1,"minecraft:cherry_planks":9,"minecraft:potato":79,"minecraft:carrot":8,"minecraft:cherry_log":33,"minecraft:yellow_bed":3,"minecraft:spruce_log":12,"minecraft:spruce_planks":14,"minecraft:oak_planks":1,"minecraft:cobblestone":13},"minecraft:mined":{"minecraft:spruce_planks":14,"minecraft:carrots":2,"minecraft:cherry_planks":12,"minecraft:cherry_log":33,"minecraft:spruce_log":12,"minecraft:yellow_bed":3,"minecraft:crafting_table":1,"minecraft:potatoes":29,"minecraft:cherry_leaves":2,"minecraft:tall_grass":2,"minecraft:cobblestone":11,"minecraft:stone":2,"minecraft:oak_planks":1},"minecraft:crafted":{"minecraft:cherry_planks":132,"minecraft:crafting_table":1,"minecraft:spruce_planks":48,"minecraft:spruce_slab":48,"minecraft:stick":8,"minecraft:wooden_pickaxe":1,"minecraft:stone_pickaxe":1,"minecraft:stone_sword":1,"minecraft:chest":2,"minecraft:spruce_door":3,"minecraft:stone_axe":1}},"DataVersion":3953}