{
  "minecraft:recipes/misc/light_blue_dye_from_blue_orchid": {
    "criteria": {
      "has_blue_orchid": "2025-04-27 20:48:04 +0000"
    },
    "done": true
  },
  "minecraft:recipes/decorations/crafting_table": {
    "criteria": {
      "unlock_right_away": "2025-04-27 20:42:16 +0000"
    },
    "done": true
  },
  "minecraft:adventure/adventuring_time": {
    "criteria": {
      "minecraft:flower_forest": "2025-04-27 20:42:17 +0000",
      "minecraft:river": "2025-04-27 20:49:25 +0000",
      "minecraft:lush_caves": "2025-04-27 20:44:13 +0000",
      "minecraft:bamboo_jungle": "2025-04-27 20:44:57 +0000",
      "minecraft:plains": "2025-04-27 20:46:07 +0000"
    },
    "done": false
  },
  "minecraft:recipes/misc/orange_dye_from_orange_tulip": {
    "criteria": {
      "has_orange_tulip": "2025-04-27 20:48:21 +0000"
    },
    "done": true
  },
  "DataVersion": 3953
}