{
  "minecraft:recipes/transportation/mangrove_boat": {
    "criteria": {
      "in_water": "2025-04-27 21:02:09 +0000"
    },
    "done": true
  },
  "minecraft:recipes/decorations/crafting_table": {
    "criteria": {
      "unlock_right_away": "2025-04-27 21:00:40 +0000"
    },
    "done": true
  },
  "minecraft:recipes/transportation/acacia_boat": {
    "criteria": {
      "in_water": "2025-04-27 21:02:09 +0000"
    },
    "done": true
  },
  "minecraft:recipes/transportation/cherry_boat": {
    "criteria": {
      "in_water": "2025-04-27 21:02:09 +0000"
    },
    "done": true
  },
  "minecraft:adventure/adventuring_time": {
    "criteria": {
      "minecraft:flower_forest": "2025-04-27 21:00:41 +0000",
      "minecraft:snowy_slopes": "2025-04-27 21:03:37 +0000",
      "minecraft:desert": "2025-04-27 21:01:23 +0000",
      "minecraft:ocean": "2025-04-27 21:02:08 +0000",
      "minecraft:deep_ocean": "2025-04-27 21:02:10 +0000",
      "minecraft:plains": "2025-04-27 21:01:14 +0000"
    },
    "done": false
  },
  "minecraft:recipes/transportation/bamboo_raft": {
    "criteria": {
      "in_water": "2025-04-27 21:02:09 +0000"
    },
    "done": true
  },
  "minecraft:recipes/transportation/spruce_boat": {
    "criteria": {
      "in_water": "2025-04-27 21:02:09 +0000"
    },
    "done": true
  },
  "minecraft:recipes/transportation/birch_boat": {
    "criteria": {
      "in_water": "2025-04-27 21:02:09 +0000"
    },
    "done": true
  },
  "minecraft:recipes/transportation/oak_boat": {
    "criteria": {
      "in_water": "2025-04-27 21:02:09 +0000"
    },
    "done": true
  },
  "minecraft:recipes/transportation/jungle_boat": {
    "criteria": {
      "in_water": "2025-04-27 21:02:09 +0000"
    },
    "done": true
  },
  "minecraft:recipes/transportation/dark_oak_boat": {
    "criteria": {
      "in_water": "2025-04-27 21:02:09 +0000"
    },
    "done": true
  },
  "DataVersion": 3953
}