{
  "minecraft:recipes/decorations/crafting_table": {
    "criteria": {
      "unlock_right_away": "2025-04-27 20:37:51 +0000"
    },
    "done": true
  },
  "minecraft:adventure/adventuring_time": {
    "criteria": {
      "minecraft:flower_forest": "2025-04-27 20:37:52 +0000",
      "minecraft:deep_dark": "2025-04-27 20:44:33 +0000",
      "minecraft:cherry_grove": "2025-04-27 20:44:14 +0000",
      "minecraft:lush_caves": "2025-04-27 20:43:57 +0000",
      "minecraft:plains": "2025-04-27 20:41:43 +0000"
    },
    "done": false
  },
  "minecraft:recipes/misc/pink_dye_from_pink_petals": {
    "criteria": {
      "has_pink_petals": "2025-04-27 20:45:44 +0000"
    },
    "done": true
  },
  "minecraft:recipes/misc/pink_dye_from_pink_tulip": {
    "criteria": {
      "has_pink_tulip": "2025-04-27 20:40:46 +0000"
    },
    "done": true
  },
  "minecraft:adventure/root": {
    "criteria": {
      "killed_by_something": "2025-04-27 20:45:45 +0000"
    },
    "done": true
  },
  "DataVersion": 3953
}